Accumulated time, force, Accumulated time, separation,x1,y1,z1,vx1,ax1,x2,y2,z2,vx2,ax2
1000.00000,1.98301e20,1000.00000,384400254.99952,11.73587,11.73587,0.00000,0.02347,0.00002,271811072.99180,271811072.99180,0.00000,1.90802,0.00191,
2000.00000,1.98303e20,2000.00000,384398889.23117,46.94355,46.94355,0.00000,0.04694,0.00002,271808210.96042,271808210.96042,0.00000,3.81605,0.00191,
3000.00000,1.98307e20,3000.00000,384394791.91640,105.62338,105.62338,0.00000,0.07042,0.00002,271803440.87875,271803440.87875,0.00000,5.72412,0.00191,
4000.00000,1.98314e20,4000.00000,384387963.01639,187.77602,187.77602,0.00000,0.09389,0.00002,271796762.69255,271796762.69255,0.00000,7.63226,0.00191,
5000.00000,1.98324e20,5000.00000,384378402.45351,293.40248,293.40248,0.00000,0.11736,0.00002,271788176.32046,271788176.32046,0.00000,9.54049,0.00191,
6000.00000,1.98336e20,6000.00000,384366110.11127,422.50410,422.50410,0.00000,0.14084,0.00002,271777681.65398,271777681.65398,0.00000,11.44884,0.00191,
7000.00000,1.98352e20,7000.00000,384351085.83436,575.08253,575.08253,0.00000,0.16432,0.00002,271765278.55750,271765278.55750,0.00000,13.35735,0.00191,
8000.00000,1.98370e20,8000.00000,384333329.42861,751.13979,751.13979,0.00000,0.18780,0.00002,271750966.86824,271750966.86824,0.00000,15.26603,0.00191,
9000.00000,1.98391e20,9000.00000,384312840.66100,950.67820,950.67820,0.00000,0.21128,0.00002,271734746.39626,271734746.39626,0.00000,17.17491,0.00191,
10000.00000,1.98415e20,10000.00000,384289619.25960,1173.70044,1173.70044,0.00000,0.23476,0.00002,271716616.92445,271716616.92445,0.00000,19.08403,0.00191,
11000.00000,1.98442e20,11000.00000,384263664.91361,1420.20952,1420.20952,0.00000,0.25825,0.00002,271696578.20851,271696578.20851,0.00000,20.99340,0.00191,
12000.00000,1.98472e20,12000.00000,384234977.27327,1690.20878,1690.20878,0.00000,0.28175,0.00002,271674629.97693,271674629.97693,0.00000,22.90306,0.00191,
13000.00000,1.98504e20,13000.00000,384203555.94989,1983.70188,1983.70188,0.00000,0.30524,0.00002,271650771.93095,271650771.93095,0.00000,24.81303,0.00191,
14000.00000,1.98540e20,14000.00000,384169400.51577,2300.69284,2300.69284,0.00000,0.32874,0.00002,271625003.74457,271625003.74457,0.00000,26.72334,0.00191,
15000.00000,1.98578e20,15000.00000,384132510.50420,2641.18601,2641.18601,0.00000,0.35225,0.00002,271597325.06453,271597325.06453,0.00000,28.63402,0.00191,
16000.00000,1.98619e20,16000.00000,384092885.40943,3005.18607,3005.18607,0.00000,0.37575,0.00002,271567735.51021,271567735.51021,0.00000,30.54509,0.00191,
17000.00000,1.98663e20,17000.00000,384050524.68659,3392.69803,3392.69803,0.00000,0.39927,0.00002,271536234.67370,271536234.67370,0.00000,32.45658,0.00191,
18000.00000,1.98709e20,18000.00000,384005427.75169,3803.72726,3803.72726,0.00000,0.42279,0.00002,271502822.11969,271502822.11969,0.00000,34.36853,0.00191,
19000.00000,1.98759e20,19000.00000,383957593.98156,4238.27944,4238.27944,0.00000,0.44632,0.00002,271467497.38549,271467497.38549,0.00000,36.28094,0.00191,
20000.00000,1.98811e20,20000.00000,383907022.71378,4696.36060,4696.36060,0.00000,0.46985,0.00002,271430259.98095,271430259.98095,0.00000,38.19387,0.00191,
21000.00000,1.98866e20,21000.00000,383853713.24666,5177.97711,5177.97711,0.00000,0.49339,0.00002,271391109.38846,271391109.38846,0.00000,40.10732,0.00191,
22000.00000,1.98924e20,22000.00000,383797664.83918,5683.13568,5683.13568,0.00000,0.51693,0.00002,271350045.06286,271350045.06286,0.00000,42.02133,0.00191,
23000.00000,1.98985e20,23000.00000,383738876.71090,6211.84335,6211.84335,0.00000,0.54048,0.00002,271307066.43148,271307066.43148,0.00000,43.93593,0.00191,
24000.00000,1.99049e20,24000.00000,383677348.04194,6764.10751,6764.10751,0.00000,0.56404,0.00002,271262172.89399,271262172.89399,0.00000,45.85114,0.00192,
25000.00000,1.99116e20,25000.00000,383613077.97290,7339.93588,7339.93588,0.00000,0.58761,0.00002,271215363.82244,271215363.82244,0.00000,47.76700,0.00192,
26000.00000,1.99185e20,26000.00000,383546065.60478,7939.33652,7939.33652,0.00000,0.61119,0.00002,271166638.56116,271166638.56116,0.00000,49.68352,0.00192,
27000.00000,1.99258e20,27000.00000,383476309.99893,8562.31785,8562.31785,0.00000,0.63477,0.00002,271115996.42674,271115996.42674,0.00000,51.60075,0.00192,
28000.00000,1.99333e20,28000.00000,383403810.17696,9208.88861,9208.88861,0.00000,0.65837,0.00002,271063436.70795,271063436.70795,0.00000,53.51869,0.00192,
29000.00000,1.99412e20,29000.00000,383328565.12068,9879.05790,9879.05790,0.00000,0.68197,0.00002,271008958.66571,271008958.66571,0.00000,55.43739,0.00192,
30000.00000,1.99493e20,30000.00000,383250573.77199,10572.83515,10572.83515,0.00000,0.70558,0.00002,270952561.53300,270952561.53300,0.00000,57.35687,0.00192,
31000.00000,1.99577e20,31000.00000,383169835.03283,11290.23014,11290.23014,0.00000,0.72921,0.00002,270894244.51481,270894244.51481,0.00000,59.27716,0.00192,
32000.00000,1.99664e20,32000.00000,383086347.76508,12031.25299,12031.25299,0.00000,0.75284,0.00002,270834006.78813,270834006.78813,0.00000,61.19829,0.00192,
33000.00000,1.99754e20,33000.00000,383000110.79046,12795.91418,12795.91418,0.00000,0.77648,0.00002,270771847.50177,270771847.50177,0.00000,63.12028,0.00192,
34000.00000,1.99847e20,34000.00000,382911122.89045,13584.22453,13584.22453,0.00000,0.80014,0.00002,270707765.77643,270707765.77643,0.00000,65.04317,0.00192,
35000.00000,1.99942e20,35000.00000,382819382.80618,14396.19519,14396.19519,0.00000,0.82380,0.00002,270641760.70450,270641760.70450,0.00000,66.96698,0.00192,
36000.00000,2.00041e20,36000.00000,382724889.23836,15231.83768,15231.83768,0.00000,0.84748,0.00002,270573831.35010,270573831.35010,0.00000,68.89173,0.00192,
37000.00000,2.00143e20,37000.00000,382627640.84713,16091.16387,16091.16387,0.00000,0.87117,0.00002,270503976.74892,270503976.74892,0.00000,70.81747,0.00193,
38000.00000,2.00247e20,38000.00000,382527636.25200,16974.18596,16974.18596,0.00000,0.89487,0.00002,270432195.90819,270432195.90819,0.00000,72.74421,0.00193,
39000.00000,2.00355e20,39000.00000,382424874.03171,17880.91653,17880.91653,0.00000,0.91859,0.00002,270358487.80660,270358487.80660,0.00000,74.67199,0.00193,
40000.00000,2.00466e20,40000.00000,382319352.72411,18811.36848,18811.36848,0.00000,0.94232,0.00002,270282851.39418,270282851.39418,0.00000,76.60083,0.00193,
41000.00000,2.00579e20,41000.00000,382211070.82609,19765.55508,19765.55508,0.00000,0.96606,0.00002,270205285.59226,270205285.59226,0.00000,78.53077,0.00193,
42000.00000,2.00696e20,42000.00000,382100026.79341,20743.48997,20743.48997,0.00000,0.98981,0.00002,270125789.29337,270125789.29337,0.00000,80.46183,0.00193,
43000.00000,2.00816e20,43000.00000,381986219.04058,21745.18711,21745.18711,0.00000,1.01358,0.00002,270044361.36114,270044361.36114,0.00000,82.39404,0.00193,
44000.00000,2.00938e20,44000.00000,381869645.94078,22770.66085,22770.66085,0.00000,1.03737,0.00002,269961000.63022,269961000.63022,0.00000,84.32743,0.00193,
45000.00000,2.01064e20,45000.00000,381750305.82567,23819.92588,23819.92588,0.00000,1.06116,0.00002,269875705.90617,269875705.90617,0.00000,86.26202,0.00193,
46000.00000,2.01192e20,46000.00000,381628196.98528,24892.99724,24892.99724,0.00000,1.08498,0.00002,269788475.96538,269788475.96538,0.00000,88.19786,0.00194,
47000.00000,2.01324e20,47000.00000,381503317.66790,25989.89036,25989.89036,0.00000,1.10881,0.00002,269699309.55499,269699309.55499,0.00000,90.13496,0.00194,
48000.00000,2.01459e20,48000.00000,381375666.07989,27110.62101,27110.62101,0.00000,1.13265,0.00002,269608205.39273,269608205.39273,0.00000,92.07336,0.00194,
49000.00000,2.01597e20,49000.00000,381245240.38556,28255.20532,28255.20532,0.00000,1.15652,0.00002,269515162.16688,269515162.16688,0.00000,94.01309,0.00194,
50000.00000,2.01738e20,50000.00000,381112038.70702,29423.65979,29423.65979,0.00000,1.18039,0.00002,269420178.53612,269420178.53612,0.00000,95.95417,0.00194,
51000.00000,2.01882e20,51000.00000,380976059.12402,30616.00130,30616.00130,0.00000,1.20429,0.00002,269323253.12943,269323253.12943,0.00000,97.89664,0.00194,
52000.00000,2.02029e20,52000.00000,380837299.67382,31832.24706,31832.24706,0.00000,1.22820,0.00002,269224384.54600,269224384.54600,0.00000,99.84053,0.00194,
53000.00000,2.02179e20,53000.00000,380695758.35099,33072.41469,33072.41469,0.00000,1.25213,0.00002,269123571.35509,269123571.35509,0.00000,101.78586,0.00195,
54000.00000,2.02333e20,54000.00000,380551433.10726,34336.52215,34336.52215,0.00000,1.27608,0.00002,269020812.09593,269020812.09593,0.00000,103.73266,0.00195,
55000.00000,2.02489e20,55000.00000,380404321.85138,35624.58778,35624.58778,0.00000,1.30005,0.00002,268916105.27757,268916105.27757,0.00000,105.68097,0.00195,
56000.00000,2.02649e20,56000.00000,380254422.44890,36936.63029,36936.63029,0.00000,1.32404,0.00002,268809449.37881,268809449.37881,0.00000,107.63082,0.00195,
57000.00000,2.02812e20,57000.00000,380101732.72205,38272.66879,38272.66879,0.00000,1.34804,0.00002,268700842.84804,268700842.84804,0.00000,109.58224,0.00195,
58000.00000,2.02978e20,58000.00000,379946250.44951,39632.72271,39632.72271,0.00000,1.37207,0.00002,268590284.10309,268590284.10309,0.00000,111.53525,0.00195,
59000.00000,2.03147e20,59000.00000,379787973.36625,41016.81192,41016.81192,0.00000,1.39611,0.00002,268477771.53115,268477771.53115,0.00000,113.48989,0.00195,
60000.00000,2.03319e20,60000.00000,379626899.16336,42424.95662,42424.95662,0.00000,1.42018,0.00002,268363303.48862,268363303.48862,0.00000,115.44619,0.00196,
61000.00000,2.03495e20,61000.00000,379463025.48782,43857.17742,43857.17742,0.00000,1.44426,0.00002,268246878.30094,268246878.30094,0.00000,117.40418,0.00196,
62000.00000,2.03674e20,62000.00000,379296349.94232,45313.49529,45313.49529,0.00000,1.46837,0.00002,268128494.26249,268128494.26249,0.00000,119.36389,0.00196,
63000.00000,2.03856e20,63000.00000,379126870.08509,46793.93161,46793.93161,0.00000,1.49250,0.00002,268008149.63645,268008149.63645,0.00000,121.32536,0.00196,
64000.00000,2.04041e20,64000.00000,378954583.42966,48298.50813,48298.50813,0.00000,1.51665,0.00002,267885842.65461,267885842.65461,0.00000,123.28861,0.00196,
65000.00000,2.04230e20,65000.00000,378779487.44466,49827.24697,49827.24697,0.00000,1.54083,0.00002,267761571.51727,267761571.51727,0.00000,125.25367,0.00197,
66000.00000,2.04422e20,66000.00000,378601579.55361,51380.17069,51380.17069,0.00000,1.56502,0.00002,267635334.39307,267635334.39307,0.00000,127.22058,0.00197,
67000.00000,2.04617e20,67000.00000,378420857.13471,52957.30218,52957.30218,0.00000,1.58924,0.00002,267507129.41883,267507129.41883,0.00000,129.18937,0.00197,
68000.00000,2.04816e20,68000.00000,378237317.52063,54558.66478,54558.66478,0.00000,1.61348,0.00002,267376954.69940,267376954.69940,0.00000,131.16007,0.00197,
69000.00000,2.05018e20,69000.00000,378050957.99823,56184.28217,56184.28217,0.00000,1.63775,0.00002,267244808.30750,267244808.30750,0.00000,133.13271,0.00197,
70000.00000,2.05223e20,70000.00000,377861775.80842,57834.17849,57834.17849,0.00000,1.66204,0.00002,267110688.28356,267110688.28356,0.00000,135.10733,0.00197,
71000.00000,2.05432e20,71000.00000,377669768.14584,59508.37821,59508.37821,0.00000,1.68636,0.00002,266974592.63554,266974592.63554,0.00000,137.08396,0.00198,
72000.00000,2.05644e20,72000.00000,377474932.15867,61206.90626,61206.90626,0.00000,1.71070,0.00002,266836519.33878,266836519.33878,0.00000,139.06263,0.00198,
73000.00000,2.05860e20,73000.00000,377277264.94839,62929.78795,62929.78795,0.00000,1.73506,0.00002,266696466.33581,266696466.33581,0.00000,141.04337,0.00198,
74000.00000,2.06079e20,74000.00000,377076763.56949,64677.04898,64677.04898,0.00000,1.75946,0.00002,266554431.53618,266554431.53618,0.00000,143.02622,0.00198,
75000.00000,2.06301e20,75000.00000,376873425.02926,66448.71549,66448.71549,0.00000,1.78388,0.00002,266410412.81627,266410412.81627,0.00000,145.01122,0.00198,
76000.00000,2.06527e20,76000.00000,376667246.28753,68244.81401,68244.81401,0.00000,1.80832,0.00002,266264408.01915,266264408.01915,0.00000,146.99838,0.00199,
77000.00000,2.06756e20,77000.00000,376458224.25639,70065.37148,70065.37148,0.00000,1.83279,0.00002,266116414.95432,266116414.95432,0.00000,148.98775,0.00199,
78000.00000,2.06989e20,78000.00000,376246355.79990,71910.41527,71910.41527,0.00000,1.85729,0.00002,265966431.39760,265966431.39760,0.00000,150.97936,0.00199,
79000.00000,2.07226e20,79000.00000,376031637.73390,73779.97315,73779.97315,0.00000,1.88182,0.00002,265814455.09086,265814455.09086,0.00000,152.97325,0.00199,
80000.00000,2.07466e20,80000.00000,375814066.82565,75674.07332,75674.07332,0.00000,1.90638,0.00002,265660483.74191,265660483.74191,0.00000,154.96945,0.00200,
81000.00000,2.07709e20,81000.00000,375593639.79358,77592.74441,77592.74441,0.00000,1.93096,0.00002,265504515.02420,265504515.02420,0.00000,156.96799,0.00200,
82000.00000,2.07957e20,82000.00000,375370353.30703,79536.01545,79536.01545,0.00000,1.95558,0.00002,265346546.57671,265346546.57671,0.00000,158.96891,0.00200,
83000.00000,2.08207e20,83000.00000,375144203.98590,81503.91592,81503.91592,0.00000,1.98022,0.00002,265186576.00368,265186576.00368,0.00000,160.97224,0.00200,
84000.00000,2.08462e20,84000.00000,374915188.40040,83496.47572,83496.47572,0.00000,2.00490,0.00002,265024600.87442,265024600.87442,0.00000,162.97802,0.00201,
85000.00000,2.08720e20,85000.00000,374683303.07074,85513.72519,85513.72519,0.00000,2.02960,0.00002,264860618.72310,264860618.72310,0.00000,164.98628,0.00201,
86000.00000,2.08982e20,86000.00000,374448544.46681,87555.69508,87555.69508,0.00000,2.05434,0.00002,264694627.04854,264694627.04854,0.00000,166.99707,0.00201,
87000.00000,2.09247e20,87000.00000,374210909.00788,89622.41662,89622.41662,0.00000,2.07911,0.00002,264526623.31394,264526623.31394,0.00000,169.01040,0.00201,
88000.00000,2.09517e20,88000.00000,373970393.06225,91713.92144,91713.92144,0.00000,2.10390,0.00002,264356604.94672,264356604.94672,0.00000,171.02633,0.00202,
89000.00000,2.09790e20,89000.00000,373726992.94700,93830.24164,93830.24164,0.00000,2.12874,0.00002,264184569.33824,264184569.33824,0.00000,173.04489,0.00202,
90000.00000,2.10066e20,90000.00000,373480704.92755,95971.40975,95971.40975,0.00000,2.15360,0.00002,264010513.84360,264010513.84360,0.00000,175.06610,0.00202,
91000.00000,2.10347e20,91000.00000,373231525.21744,98137.45876,98137.45876,0.00000,2.17850,0.00002,263834435.78136,263834435.78136,0.00000,177.09002,0.00202,
92000.00000,2.10631e20,92000.00000,372979449.97790,100328.42211,100328.42211,0.00000,2.20343,0.00002,263656332.43335,263656332.43335,0.00000,179.11668,0.00203,
93000.00000,2.10920e20,93000.00000,372724475.31755,102544.33369,102544.33369,0.00000,2.22839,0.00002,263476201.04438,263476201.04438,0.00000,181.14610,0.00203,
94000.00000,2.11212e20,94000.00000,372466597.29205,104785.22785,104785.22785,0.00000,2.25339,0.00002,263294038.82201,263294038.82201,0.00000,183.17834,0.00203,
95000.00000,2.11508e20,95000.00000,372205811.90370,107051.13941,107051.13941,0.00000,2.27843,0.00003,263109842.93628,263109842.93628,0.00000,185.21343,0.00204,
96000.00000,2.11808e20,96000.00000,371942115.10112,109342.10364,109342.10364,0.00000,2.30350,0.00003,262923610.51949,262923610.51949,0.00000,187.25140,0.00204,
97000.00000,2.12112e20,97000.00000,371675502.77886,111658.15629,111658.15629,0.00000,2.32861,0.00003,262735338.66589,262735338.66589,0.00000,189.29230,0.00204,
98000.00000,2.12420e20,98000.00000,371405970.77701,113999.33357,113999.33357,0.00000,2.35375,0.00003,262545024.43142,262545024.43142,0.00000,191.33617,0.00204,
99000.00000,2.12732e20,99000.00000,371133514.88084,116365.67218,116365.67218,0.00000,2.37893,0.00003,262352664.83346,262352664.83346,0.00000,193.38303,0.00205,
100000.00000,2.13048e20,100000.00000,370858130.82041,118757.20929,118757.20929,0.00000,2.40415,0.00003,262158256.85056,262158256.85056,0.00000,195.43294,0.00205,
101000.00000,2.13368e20,101000.00000,370579814.27015,121173.98254,121173.98254,0.00000,2.42940,0.00003,261961797.42210,261961797.42210,0.00000,197.48592,0.00205,
102000.00000,2.13692e20,102000.00000,370298560.84846,123616.03007,123616.03007,0.00000,2.45469,0.00003,261763283.44807,261763283.44807,0.00000,199.54203,0.00206,
103000.00000,2.14021e20,103000.00000,370014366.11732,126083.39050,126083.39050,0.00000,2.48003,0.00003,261562711.78874,261562711.78874,0.00000,201.60129,0.00206,
104000.00000,2.14353e20,104000.00000,369727225.58188,128576.10296,128576.10296,0.00000,2.50540,0.00003,261360079.26438,261360079.26438,0.00000,203.66376,0.00206,
105000.00000,2.14690e20,105000.00000,369437134.68999,131094.20705,131094.20705,0.00000,2.53081,0.00003,261155382.65496,261155382.65496,0.00000,205.72946,0.00207,
106000.00000,2.15031e20,106000.00000,369144088.83182,133637.74288,133637.74288,0.00000,2.55626,0.00003,260948618.69982,260948618.69982,0.00000,207.79845,0.00207,
107000.00000,2.15376e20,107000.00000,368848083.33938,136206.75107,136206.75107,0.00000,2.58175,0.00003,260739784.09739,260739784.09739,0.00000,209.87076,0.00207,
108000.00000,2.15726e20,108000.00000,368549113.48611,138801.27274,138801.27274,0.00000,2.60729,0.00003,260528875.50487,260528875.50487,0.00000,211.94643,0.00208,
109000.00000,2.16080e20,109000.00000,368247174.48641,141421.34953,141421.34953,0.00000,2.63286,0.00003,260315889.53789,260315889.53789,0.00000,214.02551,0.00208,
110000.00000,2.16438e20,110000.00000,367942261.49519,144067.02358,144067.02358,0.00000,2.65848,0.00003,260100822.77019,260100822.77019,0.00000,216.10803,0.00208,
111000.00000,2.16801e20,111000.00000,367634369.60736,146738.33755,146738.33755,0.00000,2.68414,0.00003,259883671.73329,259883671.73329,0.00000,218.19404,0.00209,
112000.00000,2.17168e20,112000.00000,367323493.85744,149435.33465,149435.33465,0.00000,2.70985,0.00003,259664432.91616,259664432.91616,0.00000,220.28359,0.00209,
113000.00000,2.17539e20,113000.00000,367009629.21899,152158.05859,152158.05859,0.00000,2.73560,0.00003,259443102.76488,259443102.76488,0.00000,222.37671,0.00209,
114000.00000,2.17915e20,114000.00000,366692770.60417,154906.55363,154906.55363,0.00000,2.76139,0.00003,259219677.68227,259219677.68227,0.00000,224.47345,0.00210,
115000.00000,2.18296e20,115000.00000,366372912.86321,157680.86454,157680.86454,0.00000,2.78723,0.00003,258994154.02755,258994154.02755,0.00000,226.57386,0.00210,
116000.00000,2.18681e20,116000.00000,366050050.78395,160481.03666,160481.03666,0.00000,2.81311,0.00003,258766528.11597,258766528.11597,0.00000,228.67797,0.00210,
117000.00000,2.19071e20,117000.00000,365724179.09126,163307.11586,163307.11586,0.00000,2.83904,0.00003,258536796.21847,258536796.21847,0.00000,230.78583,0.00211,
118000.00000,2.19466e20,118000.00000,365395292.44657,166159.14856,166159.14856,0.00000,2.86502,0.00003,258304954.56127,258304954.56127,0.00000,232.89749,0.00211,
119000.00000,2.19865e20,119000.00000,365063385.44731,169037.18175,169037.18175,0.00000,2.89105,0.00003,258070999.32553,258070999.32553,0.00000,235.01299,0.00212,
120000.00000,2.20269e20,120000.00000,364728452.62637,171941.26296,171941.26296,0.00000,2.91712,0.00003,257834926.64694,257834926.64694,0.00000,237.13237,0.00212,
121000.00000,2.20678e20,121000.00000,364390488.45156,174871.44030,174871.44030,0.00000,2.94324,0.00003,257596732.61532,257596732.61532,0.00000,239.25569,0.00212,
122000.00000,2.21091e20,122000.00000,364049487.32504,177827.76242,177827.76242,0.00000,2.96941,0.00003,257356413.27426,257356413.27426,0.00000,241.38299,0.00213,
123000.00000,2.21510e20,123000.00000,363705443.58276,180810.27858,180810.27858,0.00000,2.99563,0.00003,257113964.62068,257113964.62068,0.00000,243.51432,0.00213,
124000.00000,2.21933e20,124000.00000,363358351.49389,183819.03861,183819.03861,0.00000,3.02189,0.00003,256869382.60446,256869382.60446,0.00000,245.64972,0.00214,
125000.00000,2.22362e20,125000.00000,363008205.26021,186854.09290,186854.09290,0.00000,3.04821,0.00003,256622663.12797,256622663.12797,0.00000,247.78924,0.00214,
126000.00000,2.22795e20,126000.00000,362654999.01551,189915.49245,189915.49245,0.00000,3.07459,0.00003,256373802.04568,256373802.04568,0.00000,249.93293,0.00214,
127000.00000,2.23233e20,127000.00000,362298726.82503,193003.28886,193003.28886,0.00000,3.10101,0.00003,256122795.16374,256122795.16374,0.00000,252.08084,0.00215,
128000.00000,2.23677e20,128000.00000,361939382.68479,196117.53432,196117.53432,0.00000,3.12748,0.00003,255869638.23952,255869638.23952,0.00000,254.23301,0.00215,
129000.00000,2.24125e20,129000.00000,361576960.52098,199258.28162,199258.28162,0.00000,3.15401,0.00003,255614326.98116,255614326.98116,0.00000,256.38950,0.00216,
130000.00000,2.24579e20,130000.00000,361211454.18934,202425.58417,202425.58417,0.00000,3.18059,0.00003,255356857.04713,255356857.04713,0.00000,258.55036,0.00216,
131000.00000,2.25038e20,131000.00000,360842857.47451,205619.49600,205619.49600,0.00000,3.20723,0.00003,255097224.04577,255097224.04577,0.00000,260.71564,0.00217,
132000.00000,2.25503e20,132000.00000,360471164.08933,208840.07175,208840.07175,0.00000,3.23392,0.00003,254835423.53484,254835423.53484,0.00000,262.88538,0.00217,
133000.00000,2.25972e20,133000.00000,360096367.67422,212087.36671,212087.36671,0.00000,3.26067,0.00003,254571451.02100,254571451.02100,0.00000,265.05965,0.00217,
134000.00000,2.26447e20,134000.00000,359718461.79649,215361.43677,215361.43677,0.00000,3.28747,0.00003,254305301.95936,254305301.95936,0.00000,267.23848,0.00218,
135000.00000,2.26928e20,135000.00000,359337439.94963,218662.33848,218662.33848,0.00000,3.31433,0.00003,254036971.75300,254036971.75300,0.00000,269.42193,0.00218,
136000.00000,2.27414e20,136000.00000,358953295.55262,221990.12906,221990.12906,0.00000,3.34125,0.00003,253766455.75242,253766455.75242,0.00000,271.61007,0.00219,
137000.00000,2.27905e20,137000.00000,358566021.94921,225344.86633,225344.86633,0.00000,3.36823,0.00003,253493749.25511,253493749.25511,0.00000,273.80293,0.00219,
138000.00000,2.28402e20,138000.00000,358175612.40720,228726.60882,228726.60882,0.00000,3.39526,0.00003,253218847.50494,253218847.50494,0.00000,276.00057,0.00220,
139000.00000,2.28905e20,139000.00000,357782060.11770,232135.41569,232135.41569,0.00000,3.42235,0.00003,252941745.69172,252941745.69172,0.00000,278.20305,0.00220,
140000.00000,2.29414e20,140000.00000,357385358.19438,235571.34679,235571.34679,0.00000,3.44951,0.00003,252662438.95062,252662438.95062,0.00000,280.41043,0.00221,
141000.00000,2.29928e20,141000.00000,356985499.67270,239034.46265,239034.46265,0.00000,3.47672,0.00003,252380922.36166,252380922.36166,0.00000,282.62275,0.00221,
142000.00000,2.30448e20,142000.00000,356582477.50914,242524.82447,242524.82447,0.00000,3.50400,0.00003,252097190.94911,252097190.94911,0.00000,284.84008,0.00222,
143000.00000,2.30974e20,143000.00000,356176284.58041,246042.49415,246042.49415,0.00000,3.53134,0.00003,251811239.68097,251811239.68097,0.00000,287.06246,0.00222,
144000.00000,2.31506e20,144000.00000,355766913.68265,249587.53430,249587.53430,0.00000,3.55874,0.00003,251523063.46840,251523063.46840,0.00000,289.28996,0.00223,
145000.00000,2.32043e20,145000.00000,355354357.53062,253160.00823,253160.00823,0.00000,3.58621,0.00003,251232657.16512,251232657.16512,0.00000,291.52264,0.00223,
146000.00000,2.32587e20,146000.00000,354938608.75686,256759.97995,256759.97995,0.00000,3.61374,0.00003,250940015.56685,250940015.56685,0.00000,293.76055,0.00224,
147000.00000,2.33137e20,147000.00000,354519659.91083,260387.51421,260387.51421,0.00000,3.64133,0.00003,250645133.41066,250645133.41066,0.00000,296.00376,0.00224,
148000.00000,2.33694e20,148000.00000,354097503.45811,264042.67648,264042.67648,0.00000,3.66899,0.00003,250348005.37443,250348005.37443,0.00000,298.25231,0.00225,
149000.00000,2.34256e20,149000.00000,353672131.77946,267725.53296,267725.53296,0.00000,3.69672,0.00003,250048626.07617,250048626.07617,0.00000,300.50628,0.00225,
150000.00000,2.34825e20,150000.00000,353243537.16998,271436.15061,271436.15061,0.00000,3.72452,0.00003,249746990.07344,249746990.07344,0.00000,302.76572,0.00226,
151000.00000,2.35400e20,151000.00000,352811711.83820,275174.59713,275174.59713,0.00000,3.75238,0.00003,249443091.86265,249443091.86265,0.00000,305.03070,0.00226,
152000.00000,2.35982e20,152000.00000,352376647.90515,278940.94098,278940.94098,0.00000,3.78031,0.00003,249136925.87847,249136925.87847,0.00000,307.30127,0.00227,
153000.00000,2.36570e20,153000.00000,351938337.40344,282735.25140,282735.25140,0.00000,3.80831,0.00003,248828486.49314,248828486.49314,0.00000,309.57750,0.00228,
154000.00000,2.37165e20,154000.00000,351496772.27629,286557.59838,286557.59838,0.00000,3.83638,0.00003,248517768.01580,248517768.01580,0.00000,311.85945,0.00228,
155000.00000,2.37766e20,155000.00000,351051944.37660,290408.05273,290408.05273,0.00000,3.86453,0.00003,248204764.69178,248204764.69178,0.00000,314.14719,0.00229,
156000.00000,2.38374e20,156000.00000,350603845.46594,294286.68603,294286.68603,0.00000,3.89274,0.00003,247889470.70196,247889470.70196,0.00000,316.44079,0.00229,
157000.00000,2.38989e20,157000.00000,350152467.21359,298193.57066,298193.57066,0.00000,3.92103,0.00003,247571880.16200,247571880.16200,0.00000,318.74029,0.00230,
158000.00000,2.39611e20,158000.00000,349697801.19546,302128.77982,302128.77982,0.00000,3.94939,0.00003,247251987.12165,247251987.12165,0.00000,321.04579,0.00231,
159000.00000,2.40240e20,159000.00000,349239838.89313,306092.38753,306092.38753,0.00000,3.97783,0.00003,246929785.56403,246929785.56403,0.00000,323.35733,0.00231,
160000.00000,2.40876e20,160000.00000,348778571.69274,310084.46864,310084.46864,0.00000,4.00634,0.00003,246605269.40484,246605269.40484,0.00000,325.67499,0.00232,
161000.00000,2.41519e20,161000.00000,348313990.88396,314105.09883,314105.09883,0.00000,4.03492,0.00003,246278432.49165,246278432.49165,0.00000,327.99884,0.00232,
162000.00000,2.42169e20,162000.00000,347846087.65889,318154.35464,318154.35464,0.00000,4.06359,0.00003,245949268.60308,245949268.60308,0.00000,330.32894,0.00233,
163000.00000,2.42826e20,163000.00000,347374853.11096,322232.31344,322232.31344,0.00000,4.09233,0.00003,245617771.44806,245617771.44806,0.00000,332.66537,0.00234,
164000.00000,2.43491e20,164000.00000,346900278.23379,326339.05352,326339.05352,0.00000,4.12115,0.00003,245283934.66499,245283934.66499,0.00000,335.00820,0.00234,
165000.00000,2.44164e20,165000.00000,346422353.92006,330474.65399,330474.65399,0.00000,4.15005,0.00003,244947751.82097,244947751.82097,0.00000,337.35749,0.00235,
166000.00000,2.44843e20,166000.00000,345941070.96032,334639.19488,334639.19488,0.00000,4.17903,0.00003,244609216.41090,244609216.41090,0.00000,339.71333,0.00236,
167000.00000,2.45531e20,167000.00000,345456420.04186,338832.75711,338832.75711,0.00000,4.20809,0.00003,244268321.85673,244268321.85673,0.00000,342.07578,0.00236,
168000.00000,2.46226e20,168000.00000,344968391.74742,343055.42252,343055.42252,0.00000,4.23724,0.00003,243925061.50653,243925061.50653,0.00000,344.44492,0.00237,
169000.00000,2.46929e20,169000.00000,344476976.55405,347307.27384,347307.27384,0.00000,4.26647,0.00003,243579428.63364,243579428.63364,0.00000,346.82083,0.00238,
170000.00000,2.47640e20,170000.00000,343982164.83180,351588.39477,351588.39477,0.00000,4.29578,0.00003,243231416.43580,243231416.43580,0.00000,349.20357,0.00238,
171000.00000,2.48359e20,171000.00000,343483946.84247,355898.86992,355898.86992,0.00000,4.32517,0.00003,242881018.03421,242881018.03421,0.00000,351.59323,0.00239,
172000.00000,2.49086e20,172000.00000,342982312.73829,360238.78486,360238.78486,0.00000,4.35466,0.00003,242528226.47264,242528226.47264,0.00000,353.98989,0.00240,
173000.00000,2.49821e20,173000.00000,342477252.56066,364608.22613,364608.22613,0.00000,4.38423,0.00003,242173034.71648,242173034.71648,0.00000,356.39362,0.00240,
174000.00000,2.50565e20,174000.00000,341968756.23874,369007.28125,369007.28125,0.00000,4.41388,0.00003,241815435.65177,241815435.65177,0.00000,358.80451,0.00241,
175000.00000,2.51317e20,175000.00000,341456813.58813,373436.03871,373436.03871,0.00000,4.44363,0.00003,241455422.08427,241455422.08427,0.00000,361.22263,0.00242,
176000.00000,2.52077e20,176000.00000,340941414.30947,377894.58802,377894.58802,0.00000,4.47347,0.00003,241092986.73842,241092986.73842,0.00000,363.64806,0.00243,
177000.00000,2.52846e20,177000.00000,340422547.98699,382383.01969,382383.01969,0.00000,4.50340,0.00003,240728122.25639,240728122.25639,0.00000,366.08090,0.00243,
178000.00000,2.53624e20,178000.00000,339900204.08714,386901.42525,386901.42525,0.00000,4.53342,0.00003,240360821.19699,240360821.19699,0.00000,368.52122,0.00244,
179000.00000,2.54410e20,179000.00000,339374371.95702,391449.89730,391449.89730,0.00000,4.56353,0.00003,239991076.03468,239991076.03468,0.00000,370.96911,0.00245,
180000.00000,2.55206e20,180000.00000,338845040.82301,396028.52944,396028.52944,0.00000,4.59374,0.00003,239618879.15846,239618879.15846,0.00000,373.42465,0.00246,
181000.00000,2.56010e20,181000.00000,338312199.78912,400637.41638,400637.41638,0.00000,4.62404,0.00003,239244222.87085,239244222.87085,0.00000,375.88793,0.00246,
182000.00000,2.56824e20,182000.00000,337775837.83553,405276.65388,405276.65388,0.00000,4.65444,0.00003,238867099.38671,238867099.38671,0.00000,378.35904,0.00247,
183000.00000,2.57647e20,183000.00000,337235943.81697,409946.33881,409946.33881,0.00000,4.68493,0.00003,238487500.83217,238487500.83217,0.00000,380.83807,0.00248,
184000.00000,2.58479e20,184000.00000,336692506.46112,414646.56914,414646.56914,0.00000,4.71553,0.00003,238105419.24347,238105419.24347,0.00000,383.32511,0.00249,
185000.00000,2.59321e20,185000.00000,336145514.36699,419377.44394,419377.44394,0.00000,4.74622,0.00003,237720846.56580,237720846.56580,0.00000,385.82025,0.00250,
186000.00000,2.60173e20,186000.00000,335594956.00319,424139.06345,424139.06345,0.00000,4.77702,0.00003,237333774.65208,237333774.65208,0.00000,388.32358,0.00250,
187000.00000,2.61034e20,187000.00000,335040819.70631,428931.52903,428931.52903,0.00000,4.80791,0.00003,236944195.26180,236944195.26180,0.00000,390.83520,0.00251,
188000.00000,2.61905e20,188000.00000,334483093.67913,433754.94323,433754.94323,0.00000,4.83891,0.00003,236552100.05974,236552100.05974,0.00000,393.35520,0.00252,
189000.00000,2.62787e20,189000.00000,333921765.98887,438609.40975,438609.40975,0.00000,4.87002,0.00003,236157480.61475,236157480.61475,0.00000,395.88369,0.00253,
190000.00000,2.63678e20,190000.00000,333356824.56538,443495.03352,443495.03352,0.00000,4.90123,0.00003,235760328.39843,235760328.39843,0.00000,398.42075,0.00254,
191000.00000,2.64580e20,191000.00000,332788257.19934,448411.92065,448411.92065,0.00000,4.93255,0.00003,235360634.78386,235360634.78386,0.00000,400.96648,0.00255,
192000.00000,2.65492e20,192000.00000,332216051.54036,453360.17850,453360.17850,0.00000,4.96397,0.00003,234958391.04426,234958391.04426,0.00000,403.52100,0.00255,
193000.00000,2.66415e20,193000.00000,331640195.09507,458339.91568,458339.91568,0.00000,4.99550,0.00003,234553588.35161,234553588.35161,0.00000,406.08439,0.00256,
194000.00000,2.67348e20,194000.00000,331060675.22520,463351.24204,463351.24204,0.00000,5.02715,0.00003,234146217.77532,234146217.77532,0.00000,408.65676,0.00257,
195000.00000,2.68293e20,195000.00000,330477479.14559,468394.26871,468394.26871,0.00000,5.05890,0.00003,233736270.28074,233736270.28074,0.00000,411.23823,0.00258,
196000.00000,2.69248e20,196000.00000,329890593.92217,473469.10815,473469.10815,0.00000,5.09077,0.00003,233323736.72780,233323736.72780,0.00000,413.82888,0.00259,
197000.00000,2.70215e20,197000.00000,329300006.46991,478575.87410,478575.87410,0.00000,5.12276,0.00003,232908607.86951,232908607.86951,0.00000,416.42884,0.00260,
198000.00000,2.71193e20,198000.00000,328705703.55072,483714.68166,483714.68166,0.00000,5.15486,0.00003,232490874.35047,232490874.35047,0.00000,419.03820,0.00261,
199000.00000,2.72182e20,199000.00000,328107671.77130,488885.64725,488885.64725,0.00000,5.18707,0.00003,232070526.70533,232070526.70533,0.00000,421.65709,0.00262,
200000.00000,2.73183e20,200000.00000,327505897.58096,494088.88869,494088.88869,0.00000,5.21941,0.00003,231647555.35727,231647555.35727,0.00000,424.28561,0.00263,
201000.00000,2.74196e20,201000.00000,326900367.26943,499324.52518,499324.52518,0.00000,5.25186,0.00003,231221950.61640,231221950.61640,0.00000,426.92387,0.00264,
202000.00000,2.75221e20,202000.00000,326291066.96453,504592.67734,504592.67734,0.00000,5.28444,0.00003,230793702.67811,230793702.67811,0.00000,429.57200,0.00265,
203000.00000,2.76259e20,203000.00000,325677982.62991,509893.46720,509893.46720,0.00000,5.31714,0.00003,230362801.62147,230362801.62147,0.00000,432.23011,0.00266,
204000.00000,2.77308e20,204000.00000,325061100.06267,515227.01827,515227.01827,0.00000,5.34996,0.00003,229929237.40755,229929237.40755,0.00000,434.89832,0.00267,
205000.00000,2.78370e20,205000.00000,324440404.89092,520593.45551,520593.45551,0.00000,5.38291,0.00003,229492999.87764,229492999.87764,0.00000,437.57674,0.00268,
206000.00000,2.79445e20,206000.00000,323815882.57138,525992.90539,525992.90539,0.00000,5.41599,0.00003,229054078.75157,229054078.75157,0.00000,440.26551,0.00269,
207000.00000,2.80533e20,207000.00000,323187518.38684,531425.49588,531425.49588,0.00000,5.44919,0.00003,228612463.62588,228612463.62588,0.00000,442.96474,0.00270,
208000.00000,2.81634e20,208000.00000,322555297.44359,536891.35650,536891.35650,0.00000,5.48253,0.00003,228168143.97201,228168143.97201,0.00000,445.67457,0.00271,
209000.00000,2.82748e20,209000.00000,321919204.66884,542390.61834,542390.61834,0.00000,5.51600,0.00003,227721109.13444,227721109.13444,0.00000,448.39511,0.00272,
210000.00000,2.83875e20,210000.00000,321279224.80801,547923.41405,547923.41405,0.00000,5.54960,0.00003,227271348.32878,227271348.32878,0.00000,451.12650,0.00273,
211000.00000,2.85016e20,211000.00000,320635342.42208,553489.87792,553489.87792,0.00000,5.58333,0.00003,226818850.63983,226818850.63983,0.00000,453.86888,0.00274,
212000.00000,2.86172e20,212000.00000,319987541.88474,559090.14585,559090.14585,0.00000,5.61720,0.00003,226363605.01964,226363605.01964,0.00000,456.62236,0.00275,
213000.00000,2.87341e20,213000.00000,319335807.37958,564724.35542,564724.35542,0.00000,5.65121,0.00003,225905600.28540,225905600.28540,0.00000,459.38710,0.00276,
214000.00000,2.88525e20,214000.00000,318680122.89722,570392.64586,570392.64586,0.00000,5.68537,0.00003,225444825.11748,225444825.11748,0.00000,462.16323,0.00278,
215000.00000,2.89723e20,215000.00000,318020472.23233,576095.15814,576095.15814,0.00000,5.71966,0.00003,224981268.05724,224981268.05724,0.00000,464.95089,0.00279,
216000.00000,2.90936e20,216000.00000,317356838.98060,581832.03495,581832.03495,0.00000,5.75409,0.00003,224514917.50492,224514917.50492,0.00000,467.75022,0.00280,
217000.00000,2.92164e20,217000.00000,316689206.53569,587603.42076,587603.42076,0.00000,5.78868,0.00003,224045761.71742,224045761.71742,0.00000,470.56136,0.00281,
218000.00000,2.93407e20,218000.00000,316017558.08605,593409.46181,593409.46181,0.00000,5.82341,0.00003,223573788.80607,223573788.80607,0.00000,473.38446,0.00282,
219000.00000,2.94666e20,219000.00000,315341876.61174,599250.30618,599250.30618,0.00000,5.85828,0.00003,223098986.73431,223098986.73431,0.00000,476.21968,0.00284,
220000.00000,2.95940e20,220000.00000,314662144.88110,605126.10378,605126.10378,0.00000,5.89331,0.00004,222621343.31538,222621343.31538,0.00000,479.06716,0.00285,
221000.00000,2.97230e20,221000.00000,313978345.44741,611037.00641,611037.00641,0.00000,5.92849,0.00004,222140846.20989,222140846.20989,0.00000,481.92705,0.00286,
222000.00000,2.98537e20,222000.00000,313290460.64549,616983.16776,616983.16776,0.00000,5.96383,0.00004,221657482.92339,221657482.92339,0.00000,484.79952,0.00287,
223000.00000,2.99860e20,223000.00000,312598472.58814,622964.74348,622964.74348,0.00000,5.99932,0.00004,221171240.80387,221171240.80387,0.00000,487.68472,0.00289,
224000.00000,3.01200e20,224000.00000,311902363.16261,628981.89118,628981.89118,0.00000,6.03497,0.00004,220682107.03918,220682107.03918,0.00000,490.58281,0.00290,
225000.00000,3.02557e20,225000.00000,311202114.02689,635034.77047,635034.77047,0.00000,6.07079,0.00004,220190068.65445,220190068.65445,0.00000,493.49396,0.00291,
226000.00000,3.03932e20,226000.00000,310497706.60601,641123.54301,641123.54301,0.00000,6.10676,0.00004,219695112.50938,219695112.50938,0.00000,496.41833,0.00292,
227000.00000,3.05324e20,227000.00000,309789122.08818,647248.37249,647248.37249,0.00000,6.14290,0.00004,219197225.29553,219197225.29553,0.00000,499.35610,0.00294,
228000.00000,3.06733e20,228000.00000,309076341.42089,653409.42475,653409.42475,0.00000,6.17921,0.00004,218696393.53351,218696393.53351,0.00000,502.30743,0.00295,
229000.00000,3.08162e20,229000.00000,308359345.30691,659606.86774,659606.86774,0.00000,6.21568,0.00004,218192603.57014,218192603.57014,0.00000,505.27250,0.00297,
230000.00000,3.09608e20,230000.00000,307638114.20021,665840.87158,665840.87158,0.00000,6.25233,0.00004,217685841.57552,217685841.57552,0.00000,508.25149,0.00298,
231000.00000,3.11074e20,231000.00000,306912628.30173,672111.60863,672111.60863,0.00000,6.28915,0.00004,217176093.54002,217176093.54002,0.00000,511.24458,0.00299,
232000.00000,3.12558e20,232000.00000,306182867.55515,678419.25347,678419.25347,0.00000,6.32614,0.00004,216663345.27125,216663345.27125,0.00000,514.25196,0.00301,
233000.00000,3.14062e20,233000.00000,305448811.64249,684763.98298,684763.98298,0.00000,6.36332,0.00004,216147582.39091,216147582.39091,0.00000,517.27380,0.00302,
234000.00000,3.15586e20,234000.00000,304710439.97962,691145.97636,691145.97636,0.00000,6.40067,0.00004,215628790.33158,215628790.33158,0.00000,520.31031,0.00304,
235000.00000,3.17130e20,235000.00000,303967731.71168,697565.41518,697565.41518,0.00000,6.43821,0.00004,215106954.33347,215106954.33347,0.00000,523.36168,0.00305,
236000.00000,3.18695e20,236000.00000,303220665.70838,704022.48341,704022.48341,0.00000,6.47593,0.00004,214582059.44105,214582059.44105,0.00000,526.42810,0.00307,
237000.00000,3.20280e20,237000.00000,302469220.55922,710517.36749,710517.36749,0.00000,6.51384,0.00004,214054090.49960,214054090.49960,0.00000,529.50978,0.00308,
238000.00000,3.21887e20,238000.00000,301713374.56855,717050.25634,717050.25634,0.00000,6.55194,0.00004,213523032.15171,213523032.15171,0.00000,532.60692,0.00310,
239000.00000,3.23515e20,239000.00000,300953105.75055,723621.34142,723621.34142,0.00000,6.59023,0.00004,212988868.83368,212988868.83368,0.00000,535.71972,0.00311,
240000.00000,3.25166e20,240000.00000,300188391.82404,730230.81676,730230.81676,0.00000,6.62872,0.00004,212451584.77184,212451584.77184,0.00000,538.84840,0.00313,
241000.00000,3.26839e20,241000.00000,299419210.20726,736878.87905,736878.87905,0.00000,6.66741,0.00004,211911163.97874,211911163.97874,0.00000,541.99318,0.00314,
242000.00000,3.28534e20,242000.00000,298645538.01243,743565.72762,743565.72762,0.00000,6.70629,0.00004,211367590.24931,211367590.24931,0.00000,545.15428,0.00316,
243000.00000,3.30253e20,243000.00000,297867352.04018,750291.56456,750291.56456,0.00000,6.74538,0.00004,210820847.15692,210820847.15692,0.00000,548.33191,0.00318,
244000.00000,3.31996e20,244000.00000,297084628.77396,757056.59471,757056.59471,0.00000,6.78468,0.00004,210270918.04924,210270918.04924,0.00000,551.52631,0.00319,
245000.00000,3.33762e20,245000.00000,296297344.37415,763861.02575,763861.02575,0.00000,6.82418,0.00004,209717786.04418,209717786.04418,0.00000,554.73770,0.00321,
246000.00000,3.35553e20,246000.00000,295505474.67215,770705.06824,770705.06824,0.00000,6.86390,0.00004,209161434.02554,209161434.02554,0.00000,557.96633,0.00323,
247000.00000,3.37370e20,247000.00000,294708995.16423,777588.93568,777588.93568,0.00000,6.90383,0.00004,208601844.63871,208601844.63871,0.00000,561.21244,0.00325,
248000.00000,3.39211e20,248000.00000,293907881.00533,784512.84453,784512.84453,0.00000,6.94398,0.00004,208039000.28614,208039000.28614,0.00000,564.47627,0.00326,
249000.00000,3.41079e20,249000.00000,293102107.00261,791477.01432,791477.01432,0.00000,6.98436,0.00004,207472883.12275,207472883.12275,0.00000,567.75806,0.00328,
250000.00000,3.42973e20,250000.00000,292291647.60888,798481.66768,798481.66768,0.00000,7.02495,0.00004,206903475.05124,206903475.05124,0.00000,571.05808,0.00330,
251000.00000,3.44894e20,251000.00000,291476476.91585,805527.03040,805527.03040,0.00000,7.06577,0.00004,206330757.71727,206330757.71727,0.00000,574.37659,0.00332,
252000.00000,3.46843e20,252000.00000,290656568.64724,812613.33148,812613.33148,0.00000,7.10683,0.00004,205754712.50446,205754712.50446,0.00000,577.71384,0.00334,
253000.00000,3.48819e20,253000.00000,289831896.15163,819740.80324,819740.80324,0.00000,7.14812,0.00004,205175320.52933,205175320.52933,0.00000,581.07011,0.00336,
254000.00000,3.50824e20,254000.00000,289002432.39526,826909.68130,826909.68130,0.00000,7.18964,0.00004,204592562.63611,204592562.63611,0.00000,584.44568,0.00338,
255000.00000,3.52859e20,255000.00000,288168149.95449,834120.20475,834120.20475,0.00000,7.23141,0.00004,204006419.39132,204006419.39132,0.00000,587.84081,0.00340,
256000.00000,3.54923e20,256000.00000,287329021.00818,841372.61612,841372.61612,0.00000,7.27342,0.00004,203416871.07835,203416871.07835,0.00000,591.25581,0.00341,
257000.00000,3.57017e20,257000.00000,286485017.32979,848667.16151,848667.16151,0.00000,7.31567,0.00004,202823897.69178,202823897.69178,0.00000,594.69096,0.00344,
258000.00000,3.59142e20,258000.00000,285636110.27935,856004.09065,856004.09065,0.00000,7.35818,0.00004,202227478.93159,202227478.93159,0.00000,598.14656,0.00346,
259000.00000,3.61299e20,259000.00000,284782270.79512,863383.65696,863383.65696,0.00000,7.40095,0.00004,201627594.19720,201627594.19720,0.00000,601.62291,0.00348,
260000.00000,3.63488e20,260000.00000,283923469.38513,870806.11763,870806.11763,0.00000,7.44397,0.00004,201024222.58141,201024222.58141,0.00000,605.12032,0.00350,
261000.00000,3.65710e20,261000.00000,283059676.11839,878271.73370,878271.73370,0.00000,7.48726,0.00004,200417342.86409,200417342.86409,0.00000,608.63911,0.00352,
262000.00000,3.67965e20,262000.00000,282190860.61592,885780.77015,885780.77015,0.00000,7.53081,0.00004,199806933.50574,199806933.50574,0.00000,612.17960,0.00354,
263000.00000,3.70255e20,263000.00000,281316992.04155,893333.49596,893333.49596,0.00000,7.57464,0.00004,199192972.64086,199192972.64086,0.00000,615.74213,0.00356,
264000.00000,3.72579e20,264000.00000,280438039.09241,900930.18419,900930.18419,0.00000,7.61874,0.00004,198575438.07117,198575438.07117,0.00000,619.32701,0.00358,
265000.00000,3.74940e20,265000.00000,279553969.98918,908571.11212,908571.11212,0.00000,7.66312,0.00004,197954307.25859,197954307.25859,0.00000,622.93461,0.00361,
266000.00000,3.77336e20,266000.00000,278664752.46613,916256.56125,916256.56125,0.00000,7.70778,0.00004,197329557.31806,197329557.31806,0.00000,626.56527,0.00363,
267000.00000,3.79770e20,267000.00000,277770353.76075,923986.81748,923986.81748,0.00000,7.75273,0.00004,196701165.01014,196701165.01014,0.00000,630.21935,0.00365,
268000.00000,3.82242e20,268000.00000,276870740.60319,931762.17114,931762.17114,0.00000,7.79798,0.00005,196069106.73339,196069106.73339,0.00000,633.89721,0.00368,
269000.00000,3.84753e20,269000.00000,275965879.20540,939582.91712,939582.91712,0.00000,7.84352,0.00005,195433358.51656,195433358.51656,0.00000,637.59923,0.00370,
270000.00000,3.87303e20,270000.00000,275055735.24989,947449.35494,947449.35494,0.00000,7.88936,0.00005,194793896.01056,194793896.01056,0.00000,641.32579,0.00373,
271000.00000,3.89894e20,271000.00000,274140273.87820,955361.78890,955361.78890,0.00000,7.93551,0.00005,194150694.48012,194150694.48012,0.00000,645.07728,0.00375,
272000.00000,3.92527e20,272000.00000,273219459.67910,963320.52813,963320.52813,0.00000,7.98197,0.00005,193503728.79531,193503728.79531,0.00000,648.85409,0.00378,
273000.00000,3.95202e20,273000.00000,272293256.67630,971325.88674,971325.88674,0.00000,8.02875,0.00005,192852973.42277,192852973.42277,0.00000,652.65665,0.00380,
274000.00000,3.97920e20,274000.00000,271361628.31595,979378.18390,979378.18390,0.00000,8.07585,0.00005,192198402.41663,192198402.41663,0.00000,656.48536,0.00383,
275000.00000,4.00683e20,275000.00000,270424537.45367,987477.74398,987477.74398,0.00000,8.12327,0.00005,191539989.40922,191539989.40922,0.00000,660.34065,0.00386,
276000.00000,4.03491e20,276000.00000,269481946.34124,995624.89665,995624.89665,0.00000,8.17103,0.00005,190877707.60150,190877707.60150,0.00000,664.22296,0.00388,
277000.00000,4.06345e20,277000.00000,268533816.61285,1003819.97701,1003819.97701,0.00000,8.21913,0.00005,190211529.75318,190211529.75318,0.00000,668.13273,0.00391,
278000.00000,4.09247e20,278000.00000,267580109.27101,1012063.32572,1012063.32572,0.00000,8.26757,0.00005,189541428.17251,189541428.17251,0.00000,672.07043,0.00394,
279000.00000,4.12197e20,279000.00000,266620784.67193,1020355.28910,1020355.28910,0.00000,8.31636,0.00005,188867374.70583,188867374.70583,0.00000,676.03651,0.00397,
280000.00000,4.15197e20,280000.00000,265655802.51050,1028696.21932,1028696.21932,0.00000,8.36550,0.00005,188189340.72674,188189340.72674,0.00000,680.03145,0.00399,
281000.00000,4.18248e20,281000.00000,264685121.80488,1037086.47448,1037086.47448,0.00000,8.41501,0.00005,187507297.12491,187507297.12491,0.00000,684.05575,0.00402,
282000.00000,4.21351e20,282000.00000,263708700.88041,1045526.41877,1045526.41877,0.00000,8.46488,0.00005,186821214.29466,186821214.29466,0.00000,688.10991,0.00405,
283000.00000,4.24507e20,283000.00000,262726497.35328,1054016.42263,1054016.42263,0.00000,8.51513,0.00005,186131062.12303,186131062.12303,0.00000,692.19443,0.00408,
284000.00000,4.27718e20,284000.00000,261738468.11344,1062556.86290,1062556.86290,0.00000,8.56575,0.00005,185436809.97753,185436809.97753,0.00000,696.30986,0.00412,
285000.00000,4.30985e20,285000.00000,260744569.30712,1071148.12295,1071148.12295,0.00000,8.61677,0.00005,184738426.69357,184738426.69357,0.00000,700.45671,0.00415,
286000.00000,4.34309e20,286000.00000,259744756.31872,1079790.59287,1079790.59287,0.00000,8.66817,0.00005,184035880.56134,184035880.56134,0.00000,704.63555,0.00418,
287000.00000,4.37692e20,287000.00000,258738983.75217,1088484.66960,1088484.66960,0.00000,8.71998,0.00005,183329139.31239,183329139.31239,0.00000,708.84695,0.00421,
288000.00000,4.41136e20,288000.00000,257727205.41159,1097230.75714,1097230.75714,0.00000,8.77219,0.00005,182618170.10570,182618170.10570,0.00000,713.09147,0.00424,
289000.00000,4.44641e20,289000.00000,256709374.28144,1106029.26672,1106029.26672,0.00000,8.82482,0.00005,181902939.51331,181902939.51331,0.00000,717.36972,0.00428,
290000.00000,4.48209e20,290000.00000,255685442.50587,1114880.61696,1114880.61696,0.00000,8.87788,0.00005,181183413.50546,181183413.50546,0.00000,721.68230,0.00431,
291000.00000,4.51842e20,291000.00000,254655361.36754,1123785.23407,1123785.23407,0.00000,8.93136,0.00005,180459557.43526,180459557.43526,0.00000,726.02984,0.00435,
292000.00000,4.55542e20,292000.00000,253619081.26558,1132743.55204,1132743.55204,0.00000,8.98528,0.00005,179731336.02282,179731336.02282,0.00000,730.41298,0.00438,
293000.00000,4.59311e20,293000.00000,252576551.69291,1141756.01288,1141756.01288,0.00000,9.03964,0.00005,178998713.33880,178998713.33880,0.00000,734.83238,0.00442,
294000.00000,4.63149e20,294000.00000,251527721.21273,1150823.06677,1150823.06677,0.00000,9.09446,0.00005,178261652.78749,178261652.78749,0.00000,739.28872,0.00446,
295000.00000,4.67060e20,295000.00000,250472537.43420,1159945.17230,1159945.17230,0.00000,9.14975,0.00006,177520117.08921,177520117.08921,0.00000,743.78268,0.00449,
296000.00000,4.71044e20,296000.00000,249410946.98735,1169122.79673,1169122.79673,0.00000,9.20550,0.00006,176774068.26214,176774068.26214,0.00000,748.31498,0.00453,
297000.00000,4.75105e20,297000.00000,248342895.49697,1178356.41614,1178356.41614,0.00000,9.26174,0.00006,176023467.60348,176023467.60348,0.00000,752.88634,0.00457,
298000.00000,4.79243e20,298000.00000,247268327.55576,1187646.51578,1187646.51578,0.00000,9.31846,0.00006,175268275.67001,175268275.67001,0.00000,757.49753,0.00461,
299000.00000,4.83461e20,299000.00000,246187186.69636,1196993.59019,1196993.59019,0.00000,9.37569,0.00006,174508452.25786,174508452.25786,0.00000,762.14930,0.00465,
300000.00000,4.87762e20,300000.00000,245099415.36248,1206398.14358,1206398.14358,0.00000,9.43342,0.00006,173743956.38159,173743956.38159,0.00000,766.84245,0.00469,
301000.00000,4.92148e20,301000.00000,244004954.87893,1215860.69001,1215860.69001,0.00000,9.49167,0.00006,172974746.25255,172974746.25255,0.00000,771.57780,0.00474,
302000.00000,4.96620e20,302000.00000,242903745.42063,1225381.75371,1225381.75371,0.00000,9.55045,0.00006,172200779.25635,172200779.25635,0.00000,776.35619,0.00478,
303000.00000,5.01182e20,303000.00000,241795725.98036,1234961.86935,1234961.86935,0.00000,9.60978,0.00006,171422011.92959,171422011.92959,0.00000,781.17847,0.00482,
304000.00000,5.05836e20,304000.00000,240680834.33545,1244601.58235,1244601.58235,0.00000,9.66965,0.00006,170638399.93565,170638399.93565,0.00000,786.04552,0.00487,
305000.00000,5.10585e20,305000.00000,239559007.01313,1254301.44916,1254301.44916,0.00000,9.73008,0.00006,169849898.03962,169849898.03962,0.00000,790.95827,0.00491,
306000.00000,5.15431e20,306000.00000,238430179.25460,1264062.03763,1264062.03763,0.00000,9.79109,0.00006,169056460.08220,169056460.08220,0.00000,795.91765,0.00496,
307000.00000,5.20377e20,307000.00000,237294284.97774,1273883.92728,1273883.92728,0.00000,9.85269,0.00006,168258038.95269,168258038.95269,0.00000,800.92461,0.00501,
308000.00000,5.25427e20,308000.00000,236151256.73835,1283767.70972,1283767.70972,0.00000,9.91488,0.00006,167454586.56088,167454586.56088,0.00000,805.98017,0.00506,
309000.00000,5.30583e20,309000.00000,235001025.68996,1293713.98893,1293713.98893,0.00000,9.97768,0.00006,166646053.80782,166646053.80782,0.00000,811.08534,0.00511,
310000.00000,5.35848e20,310000.00000,233843521.54200,1303723.38171,1303723.38171,0.00000,10.04111,0.00006,165832390.55548,165832390.55548,0.00000,816.24117,0.00516,
311000.00000,5.41227e20,311000.00000,232678672.51633,1313796.51798,1313796.51798,0.00000,10.10517,0.00006,165013545.59519,165013545.59519,0.00000,821.44875,0.00521,
312000.00000,5.46722e20,312000.00000,231506405.30205,1323934.04130,1323934.04130,0.00000,10.16988,0.00006,164189466.61477,164189466.61477,0.00000,826.70921,0.00526,
313000.00000,5.52337e20,313000.00000,230326645.00852,1334136.60916,1334136.60916,0.00000,10.23526,0.00007,163360100.16441,163360100.16441,0.00000,832.02369,0.00531,
314000.00000,5.58076e20,314000.00000,229139315.11639,1344404.89354,1344404.89354,0.00000,10.30131,0.00007,162525391.62103,162525391.62103,0.00000,837.39339,0.00537,
315000.00000,5.63943e20,315000.00000,227944337.42670,1354739.58126,1354739.58126,0.00000,10.36806,0.00007,161685285.15131,161685285.15131,0.00000,842.81954,0.00543,
316000.00000,5.69941e20,316000.00000,226741632.00784,1365141.37454,1365141.37454,0.00000,10.43552,0.00007,160839723.67300,160839723.67300,0.00000,848.30341,0.00548,
317000.00000,5.76076e20,317000.00000,225531117.14026,1375610.99143,1375610.99143,0.00000,10.50371,0.00007,159988648.81477,159988648.81477,0.00000,853.84630,0.00554,
318000.00000,5.82351e20,318000.00000,224312709.25896,1386149.16638,1386149.16638,0.00000,10.57264,0.00007,159132000.87423,159132000.87423,0.00000,859.44958,0.00560,
319000.00000,5.88772e20,319000.00000,223086322.89333,1396756.65074,1396756.65074,0.00000,10.64233,0.00007,158269718.77419,158269718.77419,0.00000,865.11462,0.00567,
320000.00000,5.95342e20,320000.00000,221851870.60463,1407434.21332,1407434.21332,0.00000,10.71280,0.00007,157401740.01700,157401740.01700,0.00000,870.84289,0.00573,
321000.00000,6.02068e20,321000.00000,220609262.92054,1418182.64102,1418182.64102,0.00000,10.78406,0.00007,156528000.63687,156528000.63687,0.00000,876.63587,0.00579,
322000.00000,6.08953e20,322000.00000,219358408.26696,1429002.73938,1429002.73938,0.00000,10.85614,0.00007,155648435.15012,155648435.15012,0.00000,882.49510,0.00586,
323000.00000,6.16005e20,323000.00000,218099212.89675,1439895.33328,1439895.33328,0.00000,10.92905,0.00007,154762976.50314,154762976.50314,0.00000,888.42219,0.00593,
324000.00000,6.23229e20,324000.00000,216831580.81524,1450861.26757,1450861.26757,0.00000,11.00282,0.00007,153871556.01801,153871556.01801,0.00000,894.41878,0.00600,
325000.00000,6.30630e20,325000.00000,215555413.70241,1461901.40778,1461901.40778,0.00000,11.07746,0.00007,152974103.33567,152974103.33567,0.00000,900.48658,0.00607,
326000.00000,6.38216e20,326000.00000,214270610.83142,1473016.64086,1473016.64086,0.00000,11.15300,0.00008,152070546.35632,152070546.35632,0.00000,906.62737,0.00614,
327000.00000,6.45992e20,327000.00000,212977068.98349,1484207.87593,1484207.87593,0.00000,11.22947,0.00008,151160811.17723,151160811.17723,0.00000,912.84298,0.00622,
328000.00000,6.53966e20,328000.00000,211674682.35863,1495476.04510,1495476.04510,0.00000,11.30687,0.00008,150244822.02740,150244822.02740,0.00000,919.13532,0.00629,
329000.00000,6.62144e20,329000.00000,210363342.48230,1506822.10430,1506822.10430,0.00000,11.38525,0.00008,149322501.19924,149322501.19924,0.00000,925.50634,0.00637,
330000.00000,6.70535e20,330000.00000,209042938.10746,1518247.03417,1518247.03417,0.00000,11.46461,0.00008,148393768.97685,148393768.97685,0.00000,931.95810,0.00645,
331000.00000,6.79147e20,331000.00000,207713355.11196,1529751.84097,1529751.84097,0.00000,11.54500,0.00008,147458543.56079,147458543.56079,0.00000,938.49273,0.00653,
332000.00000,6.87988e20,332000.00000,206374476.39088,1541337.55757,1541337.55757,0.00000,11.62643,0.00008,146516740.98919,146516740.98919,0.00000,945.11242,0.00662,
333000.00000,6.97066e20,333000.00000,205026181.74350,1553005.24447,1553005.24447,0.00000,11.70894,0.00008,145568275.05481,145568275.05481,0.00000,951.81945,0.00671,
334000.00000,7.06392e20,334000.00000,203668347.75461,1564755.99084,1564755.99084,0.00000,11.79255,0.00008,144613057.21796,144613057.21796,0.00000,958.61622,0.00680,
335000.00000,7.15974e20,335000.00000,202300847.66982,1576590.91569,1576590.91569,0.00000,11.87730,0.00008,143650996.51488,143650996.51488,0.00000,965.50519,0.00689,
336000.00000,7.25823e20,336000.00000,200923551.26447,1588511.16903,1588511.16903,0.00000,11.96321,0.00009,142681999.46142,142681999.46142,0.00000,972.48892,0.00698,
337000.00000,7.35951e20,337000.00000,199536324.70563,1600517.93312,1600517.93312,0.00000,12.05032,0.00009,141705969.95161,141705969.95161,0.00000,979.57010,0.00708,
338000.00000,7.46367e20,338000.00000,198139030.40695,1612612.42379,1612612.42379,0.00000,12.13866,0.00009,140722809.15079,140722809.15079,0.00000,986.75150,0.00718,
339000.00000,7.57085e20,339000.00000,196731526.87571,1624795.89182,1624795.89182,0.00000,12.22827,0.00009,139732415.38309,139732415.38309,0.00000,994.03603,0.00728,
340000.00000,7.68117e20,340000.00000,195313668.55162,1637069.62440,1637069.62440,0.00000,12.31919,0.00009,138734684.01261,138734684.01261,0.00000,1001.42671,0.00739,
341000.00000,7.79476e20,341000.00000,193885305.63680,1649434.94667,1649434.94667,0.00000,12.41145,0.00009,137729507.31810,137729507.31810,0.00000,1008.92668,0.00750,
342000.00000,7.91177e20,342000.00000,192446283.91639,1661893.22338,1661893.22338,0.00000,12.50510,0.00009,136716774.36063,136716774.36063,0.00000,1016.53923,0.00761,
343000.00000,8.03234e20,343000.00000,190996444.56899,1674445.86055,1674445.86055,0.00000,12.60017,0.00010,135696370.84367,135696370.84367,0.00000,1024.26780,0.00773,
344000.00000,8.15663e20,344000.00000,189535623.96647,1687094.30735,1687094.30735,0.00000,12.69672,0.00010,134668178.96513,134668178.96513,0.00000,1032.11596,0.00785,
345000.00000,8.28482e20,345000.00000,188063653.46212,1699840.05797,1699840.05797,0.00000,12.79478,0.00010,133632077.26081,133632077.26081,0.00000,1040.08745,0.00797,
346000.00000,8.41707e20,346000.00000,186580359.16647,1712684.65373,1712684.65373,0.00000,12.89441,0.00010,132587940.43848,132587940.43848,0.00000,1048.18619,0.00810,
347000.00000,8.55357e20,347000.00000,185085561.70984,1725629.68518,1725629.68518,0.00000,12.99565,0.00010,131535639.20212,131535639.20212,0.00000,1056.41628,0.00823,
348000.00000,8.69453e20,348000.00000,183579075.99064,1738676.79441,1738676.79441,0.00000,13.09857,0.00010,130475040.06531,130475040.06531,0.00000,1064.78199,0.00837,
349000.00000,8.84016e20,349000.00000,182060710.90829,1751827.67752,1751827.67752,0.00000,13.20320,0.00010,129406005.15324,129406005.15324,0.00000,1073.28783,0.00851,
350000.00000,8.99068e20,350000.00000,180530269.07973,1765084.08717,1765084.08717,0.00000,13.30962,0.00011,128328391.99217,128328391.99217,0.00000,1081.93849,0.00865,
351000.00000,9.14633e20,351000.00000,178987546.53806,1778447.83533,1778447.83533,0.00000,13.41788,0.00011,127242053.28563,127242053.28563,0.00000,1090.73892,0.00880,
352000.00000,9.30737e20,352000.00000,177432332.41204,1791920.79627,1791920.79627,0.00000,13.52804,0.00011,126146836.67604,126146836.67604,0.00000,1099.69430,0.00896,
353000.00000,9.47407e20,353000.00000,175864408.58493,1805504.90961,1805504.90961,0.00000,13.64018,0.00011,125042584.49078,125042584.49078,0.00000,1108.81007,0.00912,
354000.00000,9.64672e20,354000.00000,174283549.33095,1819202.18370,1819202.18370,0.00000,13.75437,0.00011,123929133.47134,123929133.47134,0.00000,1118.09197,0.00928,
355000.00000,9.82564e20,355000.00000,172689520.92743,1833014.69916,1833014.69916,0.00000,13.87067,0.00012,122806314.48412,122806314.48412,0.00000,1127.54601,0.00945,
356000.00000,10.01114e20,356000.00000,171082081.24091,1846944.61269,1846944.61269,0.00000,13.98916,0.00012,121673952.21135,121673952.21135,0.00000,1137.17854,0.00963,
357000.00000,10.20360e20,357000.00000,169460979.28461,1860994.16113,1860994.16113,0.00000,14.10994,0.00012,120531864.82050,120531864.82050,0.00000,1146.99624,0.00982,
358000.00000,10.40338e20,358000.00000,167825954.74511,1875165.66581,1875165.66581,0.00000,14.23307,0.00012,119379863.61009,119379863.61009,0.00000,1157.00618,0.01001,
359000.00000,10.61090e20,359000.00000,166176737.47537,1889461.53724,1889461.53724,0.00000,14.35867,0.00013,118217752.63006,118217752.63006,0.00000,1167.21578,0.01021,
360000.00000,10.82660e20,360000.00000,164513046.95115,1903884.28011,1903884.28011,0.00000,14.48682,0.00013,117045328.27412,117045328.27412,0.00000,1177.63293,0.01042,
361000.00000,11.05094e20,361000.00000,162834591.68755,1918436.49869,1918436.49869,0.00000,14.61762,0.00013,115862378.84177,115862378.84177,0.00000,1188.26594,0.01063,
362000.00000,11.28444e20,362000.00000,161141068.61185,1933120.90260,1933120.90260,0.00000,14.75119,0.00013,114668684.06693,114668684.06693,0.00000,1199.12361,0.01086,
363000.00000,11.52765e20,363000.00000,159432162.38877,1947940.31311,1947940.31311,0.00000,14.88763,0.00014,113464014.61012,113464014.61012,0.00000,1210.21530,0.01109,
364000.00000,11.78115e20,364000.00000,157707544.69344,1962897.66982,1962897.66982,0.00000,15.02708,0.00014,112248131.51056,112248131.51056,0.00000,1221.55090,0.01134,
365000.00000,12.04559e20,365000.00000,155966873.42705,1977996.03798,1977996.03798,0.00000,15.16966,0.00014,111020785.59427,111020785.59427,0.00000,1233.14093,0.01159,
366000.00000,12.32165e20,366000.00000,154209791.86950,1993238.61636,1993238.61636,0.00000,15.31550,0.00015,109781716.83380,109781716.83380,0.00000,1244.99659,0.01186,
367000.00000,12.61008e20,367000.00000,152435927.76266,2008628.74576,2008628.74576,0.00000,15.46476,0.00015,108530653.65439,108530653.65439,0.00000,1257.12977,0.01213,
368000.00000,12.91171e20,368000.00000,150644892.31723,2024169.91832,2024169.91832,0.00000,15.61759,0.00015,107267312.18123,107267312.18123,0.00000,1269.55318,0.01242,
369000.00000,13.22742e20,369000.00000,148836279.13497,2039865.78753,2039865.78753,0.00000,15.77415,0.00016,105991395.42122,105991395.42122,0.00000,1282.28034,0.01273,
370000.00000,13.55817e20,370000.00000,147009663.03739,2055720.17924,2055720.17924,0.00000,15.93463,0.00016,104702592.37236,104702592.37236,0.00000,1295.32575,0.01305,
371000.00000,13.90501e20,371000.00000,145164598.79068,2071737.10356,2071737.10356,0.00000,16.09922,0.00016,103400577.05244,103400577.05244,0.00000,1308.70489,0.01338,
372000.00000,14.26910e20,372000.00000,143300619.71524,2087920.76793,2087920.76793,0.00000,16.26811,0.00017,102085007.43803,102085007.43803,0.00000,1322.43434,0.01373,
373000.00000,14.65170e20,373000.00000,141417236.16665,2104275.59143,2104275.59143,0.00000,16.44154,0.00017,100755524.30318,100755524.30318,0.00000,1336.53193,0.01410,
374000.00000,15.05419e20,374000.00000,139513933.87320,2120806.22040,2120806.22040,0.00000,16.61972,0.00018,99411749.94600,99411749.94600,0.00000,1351.01679,0.01448,
375000.00000,15.47811e20,375000.00000,137590172.11282,2137517.54571,2137517.54571,0.00000,16.80293,0.00018,98053286.78937,98053286.78937,0.00000,1365.90953,0.01489,
376000.00000,15.92512e20,376000.00000,135645381.70983,2154414.72165,2154414.72165,0.00000,16.99142,0.00019,96679715.84012,96679715.84012,0.00000,1381.23237,0.01532,
377000.00000,16.39708e20,377000.00000,133678962.82915,2171503.18689,2171503.18689,0.00000,17.18551,0.00019,95290594.98870,95290594.98870,0.00000,1397.00933,0.01578,
378000.00000,16.89605e20,378000.00000,131690282.54198,2188788.68763,2188788.68763,0.00000,17.38549,0.00020,93885457.12825,93885457.12825,0.00000,1413.26639,0.01626,
379000.00000,17.42431e20,379000.00000,129678672.13315,2206277.30319,2206277.30319,0.00000,17.59174,0.00021,92463808.06909,92463808.06909,0.00000,1430.03173,0.01677,
380000.00000,17.98439e20,380000.00000,127643424.11545,2223975.47460,2223975.47460,0.00000,17.80461,0.00021,91025124.22036,91025124.22036,0.00000,1447.33597,0.01730,
381000.00000,18.57914e20,381000.00000,125583788.91057,2241890.03637,2241890.03637,0.00000,18.02452,0.00022,89568850.00585,89568850.00585,0.00000,1465.21246,0.01788,
382000.00000,19.21171e20,382000.00000,123498971.14964,2260028.25200,2260028.25200,0.00000,18.25191,0.00023,88094394.97556,88094394.97556,0.00000,1483.69760,0.01849,
383000.00000,19.88567e20,383000.00000,121388125.53816,2278397.85384,2278397.85384,0.00000,18.48729,0.00024,86601130.56757,86601130.56757,0.00000,1502.83122,0.01913,
384000.00000,20.60503e20,384000.00000,119250352.22013,2297007.08785,2297007.08785,0.00000,18.73118,0.00024,85088386.46643,85088386.46643,0.00000,1522.65699,0.01983,
385000.00000,21.37433e20,385000.00000,117084691.56477,2315864.76420,2315864.76420,0.00000,18.98417,0.00025,83555446.49439,83555446.49439,0.00000,1543.22296,0.02057,
386000.00000,22.19869e20,386000.00000,114890118.28435,2334980.31447,2334980.31447,0.00000,19.24693,0.00026,82001543.95928,82001543.95928,0.00000,1564.58211,0.02136,
387000.00000,23.08397e20,387000.00000,112665534.77415,2354363.85667,2354363.85667,0.00000,19.52016,0.00027,80425856.36775,80425856.36775,0.00000,1586.79307,0.02221,
388000.00000,24.03686e20,388000.00000,110409763.54387,2374026.26947,2374026.26947,0.00000,19.80467,0.00028,78827499.39358,78827499.39358,0.00000,1609.92088,0.02313,
389000.00000,25.06503e20,389000.00000,108121538.58264,2393979.27717,2393979.27717,0.00000,20.10135,0.00030,77205519.96755,77205519.96755,0.00000,1634.03797,0.02412,
390000.00000,26.17734e20,390000.00000,105799495.46636,2414235.54757,2414235.54757,0.00000,20.41119,0.00031,75558888.32555,75558888.32555,0.00000,1659.22531,0.02519,
391000.00000,27.38404e20,391000.00000,103442159.97369,2434808.80503,2434808.80503,0.00000,20.73532,0.00032,73886488.81446,73886488.81446,0.00000,1685.57371,0.02635,
392000.00000,28.69709e20,392000.00000,101047934.92368,2455713.96193,2455713.96193,0.00000,21.07499,0.00034,72187109.20782,72187109.20782,0.00000,1713.18550,0.02761,
393000.00000,30.13047e20,393000.00000,98615084.87994,2476967.27221,2476967.27221,0.00000,21.43163,0.00036,70459428.22198,70459428.22198,0.00000,1742.17647,0.02899,
394000.00000,31.70071e20,394000.00000,96141718.27866,2498586.51191,2498586.51191,0.00000,21.80685,0.00038,68702000.84433,68702000.84433,0.00000,1772.67828,0.03050,
395000.00000,33.42735e20,395000.00000,93625766.42431,2520591.19259,2520591.19259,0.00000,22.20251,0.00040,66913240.98106,66913240.98106,0.00000,1804.84144,0.03216,
396000.00000,35.33378e20,396000.00000,91064958.64799,2543002.81550,2543002.81550,0.00000,22.62074,0.00042,65091400.79475,65091400.79475,0.00000,1838.83893,0.03400,
397000.00000,37.44814e20,397000.00000,88456792.72696,2565845.17655,2565845.17655,0.00000,23.06399,0.00044,63234545.91803,63234545.91803,0.00000,1874.87082,0.03603,
398000.00000,39.80460e20,398000.00000,85798499.40016,2589144.73497,2589144.73497,0.00000,23.53513,0.00047,61340525.48017,61340525.48017,0.00000,1913.17005,0.03830,
399000.00000,42.44500e20,399000.00000,83086999.45801,2612931.06315,2612931.06315,0.00000,24.03753,0.00050,59406935.54193,59406935.54193,0.00000,1954.00982,0.04084,
400000.00000,45.42111e20,400000.00000,80318851.39537,2637237.40070,2637237.40070,0.00000,24.57515,0.00054,57431074.05732,57431074.05732,0.00000,1997.71315,0.04370,
401000.00000,48.79769e20,401000.00000,77490186.93425,2662101.34411,2662101.34411,0.00000,25.15274,0.00058,55409884.80730,55409884.80730,0.00000,2044.66535,0.04695,
402000.00000,52.65678e20,402000.00000,74596630.75876,2687565.71556,2687565.71556,0.00000,25.77600,0.00062,53339886.78036,53339886.78036,0.00000,2095.33070,0.05067,
403000.00000,57.10367e20,403000.00000,71633199.41552,2713679.67146,2713679.67146,0.00000,26.45191,0.00068,51217084.05100,51217084.05100,0.00000,2150.27476,0.05494,
404000.00000,62.27565e20,404000.00000,68594172.29480,2740500.13825,2740500.13825,0.00000,27.18903,0.00074,49036849.07193,49036849.07193,0.00000,2210.19520,0.05992,
405000.00000,68.35483e20,405000.00000,65472924.55036,2768093.70259,2768093.70259,0.00000,27.99810,0.00081,46793769.01541,46793769.01541,0.00000,2275.96491,0.06577,
406000.00000,75.58761e20,406000.00000,62261707.12003,2796539.14739,2796539.14739,0.00000,28.89279,0.00089,44481439.62073,44481439.62073,0.00000,2348.69388,0.07273,
407000.00000,84.31506e20,407000.00000,58951351.59558,2825930.92851,2825930.92851,0.00000,29.89077,0.00100,42092182.57321,42092182.57321,0.00000,2429.82022,0.08113,
408000.00000,95.02192e20,408000.00000,55530865.61949,2856384.06210,2856384.06210,0.00000,31.01549,0.00112,39616648.21372,39616648.21372,0.00000,2521.24850,0.09143,
409000.00000,108.41901e20,409000.00000,51986864.11963,2888041.20022,2888041.20022,0.00000,32.29878,0.00128,37043240.36076,37043240.36076,0.00000,2625.56721,0.10432,
410000.00000,125.58826e20,410000.00000,48302745.87839,2921083.24065,2921083.24065,0.00000,33.78530,0.00149,34357253.83881,34357253.83881,0.00000,2746.40584,0.12084,
411000.00000,148.25297e20,411000.00000,44457458.80901,2955745.92882,2955745.92882,0.00000,35.54008,0.00175,31539524.90770,31539524.90770,0.00000,2889.05202,0.14265,
412000.00000,179.31780e20,412000.00000,40423567.89581,2992347.24700,2992347.24700,0.00000,37.66256,0.00212,28564204.79844,28564204.79844,0.00000,3061.58819,0.17254,
413000.00000,224.04648e20,413000.00000,36164067.76431,3031335.75651,3031335.75651,0.00000,40.31446,0.00265,25394829.97481,25394829.97481,0.00000,3277.16145,0.21557,
414000.00000,292.94316e20,414000.00000,31626756.82557,3073383.91519,3073383.91519,0.00000,43.78186,0.00347,21976736.35672,21976736.35672,0.00000,3559.02578,0.28186,
415000.00000,410.00110e20,415000.00000,26733377.39713,3119592.24006,3119592.24006,0.00000,48.63479,0.00485,18220462.94897,18220462.94897,0.00000,3953.52103,0.39450,
416000.00000,642.47866e20,416000.00000,21355856.16018,3172029.35282,3172029.35282,0.00000,56.23943,0.00760,13957851.55132,13957851.55132,0.00000,4571.70176,0.61818,
