DataSet/Point,Fe,Ni,Total,X,Y,Z,Beam X,Beam Y,Comment,Distance (Âµ),Mean Z,Point#,Date
1 / 1 . ,0.858513,97.80457,98.66308,-12364,-2259,-29,,,FND_1_profile (Line)  Pt 1,,27.60849,1,1/21/13 13:01
2 / 1 . ,0.865002,98.54815,99.41315,-12364,-2244,-29,,,FND_1_profile (Line)  Pt 2,,27.81838,2,1/21/13 13:02
3 / 1 . ,0.868513,98.38391,99.25242,-12364,-2229,-29,,,FND_1_profile (Line)  Pt 3,,27.77331,3,1/21/13 13:04
4 / 1 . ,0.858842,98.33313,99.19197,-12364,-2214,-29,,,FND_1_profile (Line)  Pt 4,,27.75657,4,1/21/13 13:05
5 / 1 . ,0.876933,98.5491,99.42603,-12364,-2199,-29,,,FND_1_profile (Line)  Pt 5,,27.82175,5,1/21/13 13:06
6 / 1 . ,0.880766,98.40784,99.28861,-12364,-2184,-29,,,FND_1_profile (Line)  Pt 6,,27.7832,6,1/21/13 13:07
7 / 1 . ,0.907334,98.43139,99.33872,-12364,-2169,-28,,,FND_1_profile (Line)  Pt 7,,27.7967,7,1/21/13 13:08
8 / 1 . ,0.862062,98.48163,99.3437,-12364,-2154,-28,,,FND_1_profile (Line)  Pt 8,,27.79899,8,1/21/13 13:09
9 / 1 . ,0.885013,98.39956,99.28457,-12364,-2139,-28,,,FND_1_profile (Line)  Pt 9,,27.78198,9,1/21/13 13:11
10 / 1 . ,0.886845,98.25047,99.13732,-12364,-2124,-28,,,FND_1_profile (Line)  Pt 10,,27.74071,10,1/21/13 13:12
11 / 1 . ,0.895141,98.44009,99.33524,-12364,-2109,-28,,,FND_1_profile (Line)  Pt 11,,27.79596,11,1/21/13 13:13
12 / 1 . ,0.90051,98.44931,99.34982,-12364,-2094,-28,,,FND_1_profile (Line)  Pt 12,,27.79994,12,1/21/13 13:14
13 / 1 . ,0.871685,98.29261,99.16429,-12364,-2079,-28,,,FND_1_profile (Line)  Pt 13,,27.74857,13,1/21/13 13:16
14 / 1 . ,0.890771,98.19926,99.09004,-12364,-2064,-28,,,FND_1_profile (Line)  Pt 14,,27.72739,14,1/21/13 13:17
15 / 1 . ,0.890718,98.27754,99.16827,-12364,-2049,-28,,,FND_1_profile (Line)  Pt 15,,27.7493,15,1/21/13 13:18
16 / 1 . ,0.853846,98.66003,99.51389,-12364,-2034,-28,,,FND_1_profile (Line)  Pt 16,,27.84681,16,1/21/13 13:19
17 / 1 . ,0.906488,98.47926,99.38574,-12364,-2019,-28,,,FND_1_profile (Line)  Pt 17,,27.80988,17,1/21/13 13:20
18 / 1 . ,0.903331,98.83672,99.74004,-12364,-2004,-28,,,FND_1_profile (Line)  Pt 18,,27.90915,18,1/21/13 13:22
19 / 1 . ,0.947236,98.48016,99.42739,-12364,-1989,-27,,,FND_1_profile (Line)  Pt 19,,27.82072,19,1/21/13 13:23
20 / 1 . ,0.91662,98.62043,99.53705,-12364,-1974,-27,,,FND_1_profile (Line)  Pt 20,,27.85204,20,1/21/13 13:24
21 / 1 . ,0.966121,97.83882,98.80494,-12364,-1959,-27,,,FND_1_profile (Line)  Pt 21,,27.64606,21,1/21/13 13:25
22 / 1 . ,0.976705,98.12788,99.10458,-12364,-1944,-27,,,FND_1_profile (Line)  Pt 22,,27.72975,22,1/21/13 13:27
23 / 1 . ,0.997302,98.25226,99.24957,-12364,-1929,-27,,,FND_1_profile (Line)  Pt 23,,27.76993,23,1/21/13 13:28
24 / 1 . ,0.987421,97.95515,98.94258,-12364,-1914,-27,,,FND_1_profile (Line)  Pt 24,,27.68417,24,1/21/13 13:29
25 / 1 . ,1.074414,98.35551,99.42993,-12364,-1899,-27,,,FND_1_profile (Line)  Pt 25,,27.81889,25,1/21/13 13:30
26 / 1 . ,1.098898,98.27511,99.37401,-12364,-1884,-27,,,FND_1_profile (Line)  Pt 26,,27.80274,26,1/21/13 13:31
27 / 1 . ,1.150214,97.5097,98.65992,-12364,-1869,-27,,,FND_1_profile (Line)  Pt 27,,27.60177,27,1/21/13 13:33
28 / 1 . ,1.226557,98.19643,99.42299,-12364,-1854,-27,,,FND_1_profile (Line)  Pt 28,,27.81391,28,1/21/13 13:34
29 / 1 . ,1.286969,98.41927,99.70625,-12364,-1839,-27,,,FND_1_profile (Line)  Pt 29,,27.89201,29,1/21/13 13:35
30 / 1 . ,1.367201,97.72632,99.09351,-12364,-1824,-26,,,FND_1_profile (Line)  Pt 30,,27.71884,30,1/21/13 13:36
31 / 1 . ,1.436522,97.92262,99.35915,-12364,-1809,-26,,,FND_1_profile (Line)  Pt 31,,27.79183,31,1/21/13 13:38
32 / 1 . ,1.529071,97.89003,99.41911,-12364,-1794,-26,,,FND_1_profile (Line)  Pt 32,,27.80677,32,1/21/13 13:39
33 / 1 . ,1.678872,97.49685,99.17572,-12364,-1779,-26,,,FND_1_profile (Line)  Pt 33,,27.73562,33,1/21/13 13:40
34 / 1 . ,1.784612,97.72552,99.51012,-12364,-1764,-26,,,FND_1_profile (Line)  Pt 34,,27.82714,34,1/21/13 13:41
35 / 1 . ,1.922602,97.47717,99.39977,-12364,-1749,-26,,,FND_1_profile (Line)  Pt 35,,27.79349,35,1/21/13 13:42
36 / 1 . ,2.133288,97.67516,99.80845,-12364,-1734,-26,,,FND_1_profile (Line)  Pt 36,,27.9037,36,1/21/13 13:44
37 / 1 . ,2.353022,96.83996,99.19299,-12364,-1719,-26,,,FND_1_profile (Line)  Pt 37,,27.72697,37,1/21/13 13:45
38 / 1 . ,2.588953,96.8647,99.45365,-12364,-1704,-26,,,FND_1_profile (Line)  Pt 38,,27.79524,38,1/21/13 13:46
39 / 1 . ,2.830517,96.86857,99.69909,-12364,-1689,-26,,,FND_1_profile (Line)  Pt 39,,27.85913,39,1/21/13 13:47
40 / 1 . ,3.105607,96.08426,99.18987,-12364,-1674,-26,,,FND_1_profile (Line)  Pt 40,,27.71105,40,1/21/13 13:49
41 / 1 . ,3.477761,96.14537,99.62313,-12364,-1659,-26,,,FND_1_profile (Line)  Pt 41,,27.82492,41,1/21/13 13:50
42 / 1 . ,3.834793,95.8112,99.646,-12364,-1644,-25,,,FND_1_profile (Line)  Pt 42,,27.82418,42,1/21/13 13:51
43 / 1 . ,4.203782,95.51398,99.71777,-12364,-1629,-25,,,FND_1_profile (Line)  Pt 43,,27.8369,43,1/21/13 13:52
44 / 1 . ,4.574216,95.21839,99.7926,-12364,-1614,-25,,,FND_1_profile (Line)  Pt 44,,27.85044,44,1/21/13 13:53
45 / 1 . ,5.083617,94.32525,99.40887,-12364,-1599,-25,,,FND_1_profile (Line)  Pt 45,,27.73281,45,1/21/13 13:55
46 / 1 . ,5.73397,93.83987,99.57384,-12364,-1584,-25,,,FND_1_profile (Line)  Pt 46,,27.766,46,1/21/13 13:56
47 / 1 . ,6.191082,93.49892,99.69,-12364,-1569,-25,,,FND_1_profile (Line)  Pt 47,,27.78938,47,1/21/13 13:57
48 / 1 . ,6.781537,92.82196,99.6035,-12364,-1554,-25,,,FND_1_profile (Line)  Pt 48,,27.75335,48,1/21/13 13:58
49 / 1 . ,7.421857,92.0694,99.49125,-12364,-1539,-25,,,FND_1_profile (Line)  Pt 49,,27.70911,49,1/21/13 14:00
50 / 1 . ,7.932042,91.56746,99.4995,-12364,-1524,-25,,,FND_1_profile (Line)  Pt 50,,27.70122,50,1/21/13 14:01
51 / 1 . ,8.787154,90.78,99.56715,-12364,-1509,-25,,,FND_1_profile (Line)  Pt 51,,27.70306,51,1/21/13 14:02
52 / 1 . ,9.384916,90.33442,99.71934,-12364,-1494,-25,,,FND_1_profile (Line)  Pt 52,,27.73372,52,1/21/13 14:03
53 / 1 . ,10.18403,89.51441,99.69844,-12364,-1479,-25,,,FND_1_profile (Line)  Pt 53,,27.71188,53,1/21/13 14:04
54 / 1 . ,11.07576,88.5745,99.65026,-12364,-1464,-24,,,FND_1_profile (Line)  Pt 54,,27.68056,54,1/21/13 14:06
55 / 1 . ,11.94758,87.55112,99.4987,-12364,-1449,-24,,,FND_1_profile (Line)  Pt 55,,27.62069,55,1/21/13 14:07
56 / 1 . ,12.7809,87.21964,100.0005,-12364,-1434,-24,,,FND_1_profile (Line)  Pt 56,,27.74454,56,1/21/13 14:08
57 / 1 . ,13.61657,85.99282,99.60939,-12364,-1419,-24,,,FND_1_profile (Line)  Pt 57,,27.6183,57,1/21/13 14:09
58 / 1 . ,14.5553,85.13901,99.69431,-12364,-1404,-24,,,FND_1_profile (Line)  Pt 58,,27.6233,58,1/21/13 14:11
59 / 1 . ,15.71827,84.13398,99.85225,-12364,-1389,-24,,,FND_1_profile (Line)  Pt 59,,27.64426,59,1/21/13 14:12
60 / 1 . ,16.48207,83.58457,100.0666,-12364,-1374,-24,,,FND_1_profile (Line)  Pt 60,,27.68902,60,1/21/13 14:13
61 / 1 . ,17.52395,82.61162,100.1356,-12364,-1359,-24,,,FND_1_profile (Line)  Pt 61,,27.68748,61,1/21/13 14:14
62 / 1 . ,18.70452,81.09196,99.79647,-12364,-1344,-24,,,FND_1_profile (Line)  Pt 62,,27.56892,62,1/21/13 14:16
63 / 1 . ,19.81134,80.47443,100.2858,-12364,-1329,-24,,,FND_1_profile (Line)  Pt 63,,27.68379,63,1/21/13 14:17
64 / 1 . ,20.68985,79.24567,99.93552,-12364,-1314,-24,,,FND_1_profile (Line)  Pt 64,,27.56815,64,1/21/13 14:18
65 / 1 . ,21.78618,78.19881,99.98499,-12364,-1299,-23,,,FND_1_profile (Line)  Pt 65,,27.56007,65,1/21/13 14:19
66 / 1 . ,23.19198,76.73516,99.92715,-12364,-1284,-23,,,FND_1_profile (Line)  Pt 66,,27.51576,66,1/21/13 14:20
67 / 1 . ,24.25234,75.72849,99.98083,-12364,-1269,-23,,,FND_1_profile (Line)  Pt 67,,27.50959,67,1/21/13 14:22
68 / 1 . ,25.30099,74.60835,99.90934,-12364,-1254,-23,,,FND_1_profile (Line)  Pt 68,,27.4686,68,1/21/13 14:23
69 / 1 . ,26.62931,73.27267,99.90199,-12364,-1239,-23,,,FND_1_profile (Line)  Pt 69,,27.43997,69,1/21/13 14:24
70 / 1 . ,27.93042,72.38277,100.3132,-12364,-1224,-23,,,FND_1_profile (Line)  Pt 70,,27.52909,70,1/21/13 14:25
71 / 1 . ,29.51842,70.6816,100.2,-12364,-1209,-23,,,FND_1_profile (Line)  Pt 71,,27.46564,71,1/21/13 14:27
72 / 1 . ,30.75289,69.36835,100.1212,-12364,-1194,-23,,,FND_1_profile (Line)  Pt 72,,27.41889,72,1/21/13 14:28
73 / 1 . ,32.21209,67.86072,100.0728,-12364,-1179,-23,,,FND_1_profile (Line)  Pt 73,,27.37614,73,1/21/13 14:29
74 / 1 . ,33.724,66.5388,100.2628,-12364,-1164,-23,,,FND_1_profile (Line)  Pt 74,,27.3991,74,1/21/13 14:30
75 / 1 . ,35.47518,65.27322,100.7484,-12364,-1149,-23,,,FND_1_profile (Line)  Pt 75,,27.50005,75,1/21/13 14:32
76 / 1 . ,36.93047,63.83323,100.7637,-12364,-1134,-23,,,FND_1_profile (Line)  Pt 76,,27.47523,76,1/21/13 14:33
77 / 1 . ,38.62255,62.07426,100.6968,-12364,-1119,-22,,,FND_1_profile (Line)  Pt 77,,27.42265,77,1/21/13 14:34
78 / 1 . ,40.36627,59.78041,100.1467,-12364,-1104,-22,,,FND_1_profile (Line)  Pt 78,,27.23375,78,1/21/13 14:35
79 / 1 . ,42.25692,58.02683,100.2837,-12364,-1089,-22,,,FND_1_profile (Line)  Pt 79,,27.23431,79,1/21/13 14:36
80 / 1 . ,44.42285,56.46028,100.8831,-12364,-1074,-22,,,FND_1_profile (Line)  Pt 80,,27.35882,80,1/21/13 14:38
81 / 1 . ,46.51407,54.22567,100.7397,-12364,-1059,-22,,,FND_1_profile (Line)  Pt 81,,27.27685,81,1/21/13 14:39
82 / 1 . ,48.67421,51.86922,100.5434,-12364,-1044,-22,,,FND_1_profile (Line)  Pt 82,,27.17868,82,1/21/13 14:40
83 / 1 . ,51.51116,49.23543,100.7466,-12364,-1029,-22,,,FND_1_profile (Line)  Pt 83,,27.17882,83,1/21/13 14:41
84 / 1 . ,53.91403,47.07204,100.9861,-12364,-1014,-22,,,FND_1_profile (Line)  Pt 84,,27.19782,84,1/21/13 14:43
85 / 1 . ,57.60853,44.32306,101.9316,-12364,-999,-22,,,FND_1_profile (Line)  Pt 85,,27.38867,85,1/21/13 14:44
86 / 1 . ,60.55124,40.84694,101.3982,-12364,-984,-22,,,FND_1_profile (Line)  Pt 86,,27.18047,86,1/21/13 14:45
87 / 1 . ,64.14088,37.25314,101.394,-12364,-969,-22,,,FND_1_profile (Line)  Pt 87,,27.10751,87,1/21/13 14:46
88 / 1 . ,67.62535,33.92978,101.5551,-12364,-954,-21,,,FND_1_profile (Line)  Pt 88,,27.08293,88,1/21/13 14:47
89 / 1 . ,72.06693,29.32531,101.3922,-12364,-939,-21,,,FND_1_profile (Line)  Pt 89,,26.94849,89,1/21/13 14:49
90 / 1 . ,76.95081,24.25905,101.2099,-12364,-924,-21,,,FND_1_profile (Line)  Pt 90,,26.79975,90,1/21/13 14:50
91 / 1 . ,81.94931,19.5595,101.5088,-12364,-909,-21,,,FND_1_profile (Line)  Pt 91,,26.78348,91,1/21/13 14:51
92 / 1 . ,86.49204,15.07827,101.5703,-12364,-894,-21,,,FND_1_profile (Line)  Pt 92,,26.70985,92,1/21/13 14:52
93 / 1 . ,90.53711,10.93618,101.4733,-12364,-879,-21,,,FND_1_profile (Line)  Pt 93,,26.60178,93,1/21/13 14:54
94 / 1 . ,94.58932,6.901438,101.4908,-12364,-864,-21,,,FND_1_profile (Line)  Pt 94,,26.52563,94,1/21/13 14:55
95 / 1 . ,97.23541,4.363789,101.5992,-12364,-849,-21,,,FND_1_profile (Line)  Pt 95,,26.50307,95,1/21/13 14:56
96 / 1 . ,99.01145,2.909113,101.9206,-12364,-834,-21,,,FND_1_profile (Line)  Pt 96,,26.55753,96,1/21/13 14:57
97 / 1 . ,99.68759,1.942427,101.63,-12364,-819,-21,,,FND_1_profile (Line)  Pt 97,,26.46265,97,1/21/13 14:59
98 / 1 . ,100.2953,1.394323,101.6896,-12364,-804,-21,,,FND_1_profile (Line)  Pt 98,,26.46718,98,1/21/13 15:00
99 / 1 . ,100.4463,1.091207,101.5375,-12364,-789,-21,,,FND_1_profile (Line)  Pt 99,,26.42158,99,1/21/13 15:01
100 / 1 . ,100.6088,1.037192,101.646,-12364,-774,-20,,,FND_1_profile (Line)  Pt 100,,26.44871,100,1/21/13 15:02
101 / 1 . ,99.99357,0.921318,100.9149,-12364,-759,-20,,,FND_1_profile (Line)  Pt 101,,26.2563,101,1/21/13 15:03
102 / 1 . ,100.6192,0.907934,101.5271,-12364,-744,-20,,,FND_1_profile (Line)  Pt 102,,26.41521,102,1/21/13 15:05
103 / 1 . ,100.5869,0.855688,101.4426,-12364,-729,-20,,,FND_1_profile (Line)  Pt 103,,26.39219,103,1/21/13 15:06
104 / 1 . ,100.6177,0.808954,101.4267,-12364,-714,-20,,,FND_1_profile (Line)  Pt 104,,26.38711,104,1/21/13 15:07
105 / 1 . ,100.9009,0.885924,101.7868,-12364,-699,-20,,,FND_1_profile (Line)  Pt 105,,26.4823,105,1/21/13 15:08
106 / 1 . ,100.7987,0.879091,101.6778,-12364,-684,-20,,,FND_1_profile (Line)  Pt 106,,26.45381,106,1/21/13 15:10
107 / 1 . ,101.3929,0.855604,102.2485,-12364,-669,-20,,,FND_1_profile (Line)  Pt 107,,26.60171,107,1/21/13 15:11
108 / 1 . ,100.8557,0.857625,101.7133,-12364,-654,-20,,,FND_1_profile (Line)  Pt 108,,26.46262,108,1/21/13 15:12
109 / 1 . ,101.1129,0.844272,101.9572,-12364,-639,-20,,,FND_1_profile (Line)  Pt 109,,26.52575,109,1/21/13 15:13
110 / 1 . ,100.457,0.88453,101.3415,-12364,-624,-20,,,FND_1_profile (Line)  Pt 110,,26.36648,110,1/21/13 15:14
111 / 1 . ,100.7533,0.836305,101.5896,-12364,-609,-19,,,FND_1_profile (Line)  Pt 111,,26.43002,111,1/21/13 15:16
112 / 1 . ,101.2337,0.866263,102.0999,-12364,-594,-19,,,FND_1_profile (Line)  Pt 112,,26.5633,112,1/21/13 15:17
113 / 1 . ,101.0183,0.846707,101.8651,-12364,-579,-19,,,FND_1_profile (Line)  Pt 113,,26.50185,113,1/21/13 15:18
114 / 1 . ,100.9776,0.831442,101.8091,-12364,-564,-19,,,FND_1_profile (Line)  Pt 114,,26.48699,114,1/21/13 15:19
115 / 1 . ,100.8264,0.863643,101.69,-12364,-549,-19,,,FND_1_profile (Line)  Pt 115,,26.45667,115,1/21/13 15:21
116 / 1 . ,100.7142,0.874958,101.5891,-12364,-534,-19,,,FND_1_profile (Line)  Pt 116,,26.43067,116,1/21/13 15:22
117 / 1 . ,100.7431,0.85267,101.5958,-12364,-519,-19,,,FND_1_profile (Line)  Pt 117,,26.43195,117,1/21/13 15:23
118 / 1 . ,101.2258,0.799251,102.0251,-12364,-504,-19,,,FND_1_profile (Line)  Pt 118,,26.54251,118,1/21/13 15:24
119 / 1 . ,100.8844,0.866012,101.7504,-12364,-489,-19,,,FND_1_profile (Line)  Pt 119,,26.47242,119,1/21/13 15:26
120 / 1 . ,100.5131,0.838842,101.3519,-12364,-474,-19,,,FND_1_profile (Line)  Pt 120,,26.36828,120,1/21/13 15:27
121 / 1 . ,100.8811,0.86032,101.7415,-12364,-459,-19,,,FND_1_profile (Line)  Pt 121,,26.46999,121,1/21/13 15:28
122 / 1 . ,100.8888,0.86473,101.7535,-12364,-444,-19,,,FND_1_profile (Line)  Pt 122,,26.4732,122,1/21/13 15:29
123 / 1 . ,100.8738,0.826377,101.7002,-12364,-429,-18,,,FND_1_profile (Line)  Pt 123,,26.45857,123,1/21/13 15:30
124 / 1 . ,100.9881,0.797142,101.7853,-12364,-414,-18,,,FND_1_profile (Line)  Pt 124,,26.48011,124,1/21/13 15:32
125 / 1 . ,101.0444,0.799956,101.8444,-12364,-399,-18,,,FND_1_profile (Line)  Pt 125,,26.49554,125,1/21/13 15:33
126 / 1 . ,100.7727,0.824979,101.5976,-12364,-384,-18,,,FND_1_profile (Line)  Pt 126,,26.43188,126,1/21/13 15:34
127 / 1 . ,101.0468,0.817495,101.8643,-12364,-369,-18,,,FND_1_profile (Line)  Pt 127,,26.50108,127,1/21/13 15:35
128 / 1 . ,100.3476,0.817,101.1646,-12364,-354,-18,,,FND_1_profile (Line)  Pt 128,,26.31913,128,1/21/13 15:37
129 / 1 . ,100.9804,0.497955,101.4784,-12364,-339,-18,,,FND_1_profile (Line)  Pt 129,,26.39433,129,1/21/13 15:38
130 / 1 . ,101.0238,0.833663,101.8574,-12364,-324,-18,,,FND_1_profile (Line)  Pt 130,,26.49961,130,1/21/13 15:39
131 / 1 . ,101.059,0.832493,101.8915,-12364,-309,-18,,,FND_1_profile (Line)  Pt 131,,26.50843,131,1/21/13 15:40
132 / 1 . ,101.1969,0.812596,102.0095,-12364,-294,-18,,,FND_1_profile (Line)  Pt 132,,26.53872,132,1/21/13 15:42
133 / 1 . ,101.0216,0.811587,101.8332,-12364,-279,-18,,,FND_1_profile (Line)  Pt 133,,26.49287,133,1/21/13 15:43
134 / 1 . ,101.0387,0.838732,101.8774,-12364,-264,-17,,,FND_1_profile (Line)  Pt 134,,26.50489,134,1/21/13 15:44
135 / 1 . ,100.806,0.832209,101.6382,-12364,-249,-17,,,FND_1_profile (Line)  Pt 135,,26.44259,135,1/21/13 15:45
136 / 1 . ,101.2182,0.741773,101.96,-12364,-234,-17,,,FND_1_profile (Line)  Pt 136,,26.52443,136,1/21/13 15:47
137 / 1 . ,100.7462,0.818527,101.5647,-12364,-219,-17,,,FND_1_profile (Line)  Pt 137,,26.4232,137,1/21/13 15:48
138 / 1 . ,101.2058,0.776262,101.982,-12364,-204,-17,,,FND_1_profile (Line)  Pt 138,,26.53085,138,1/21/13 15:49
139 / 1 . ,101.2638,0.799065,102.0629,-12364,-189,-17,,,FND_1_profile (Line)  Pt 139,,26.55232,139,1/21/13 15:50
140 / 1 . ,100.6807,0.828967,101.5097,-12364,-174,-17,,,FND_1_profile (Line)  Pt 140,,26.4091,140,1/21/13 15:51
141 / 1 . ,100.9958,0.845073,101.8409,-12364,-159,-17,,,FND_1_profile (Line)  Pt 141,,26.49554,141,1/21/13 15:53
142 / 1 . ,100.9019,0.76602,101.6679,-12364,-144,-17,,,FND_1_profile (Line)  Pt 142,,26.44898,142,1/21/13 15:54
143 / 1 . ,99.92634,0.801301,100.7276,-12364,-129,-17,,,FND_1_profile (Line)  Pt 143,,26.20521,143,1/21/13 15:55
144 / 1 . ,101.0973,0.838341,101.9357,-12364,-114,-17,,,FND_1_profile (Line)  Pt 144,,26.52004,144,1/21/13 15:56
145 / 1 . ,101.2203,0.819596,102.0399,-12364,-99,-17,,,FND_1_profile (Line)  Pt 145,,26.54676,145,1/21/13 15:58
146 / 1 . ,100.7808,0.800856,101.5817,-12364,-84,-16,,,FND_1_profile (Line)  Pt 146,,26.42725,146,1/21/13 15:59
147 / 1 . ,100.757,0.820284,101.5773,-12364,-69,-16,,,FND_1_profile (Line)  Pt 147,,26.4265,147,1/21/13 16:00
148 / 1 . ,101.044,0.807444,101.8514,-12364,-54,-16,,,FND_1_profile (Line)  Pt 148,,26.49752,148,1/21/13 16:01
149 / 1 . ,100.6076,0.868839,101.4764,-12364,-39,-16,,,FND_1_profile (Line)  Pt 149,,26.40125,149,1/21/13 16:03
150 / 1 . ,101.0954,0.825888,101.9213,-12364,-24,-16,,,FND_1_profile (Line)  Pt 150,,26.51605,150,1/21/13 16:04
151 / 1 . ,100.6971,0.812526,101.5097,-12364,-9,-16,,,FND_1_profile (Line)  Pt 151,,26.40876,151,1/21/13 16:05
152 / 1 . ,100.8885,0.840309,101.7288,-12364,6,-16,,,FND_1_profile (Line)  Pt 152,,26.46629,152,1/21/13 16:06
153 / 1 . ,101.0212,0.824809,101.846,-12364,21,-16,,,FND_1_profile (Line)  Pt 153,,26.49645,153,1/21/13 16:07
154 / 1 . ,100.7909,0.828576,101.6195,-12364,36,-16,,,FND_1_profile (Line)  Pt 154,,26.43764,154,1/21/13 16:09
155 / 1 . ,100.333,0.888078,101.221,-12364,51,-16,,,FND_1_profile (Line)  Pt 155,,26.33523,155,1/21/13 16:10
156 / 1 . ,100.3434,0.870934,101.2144,-12364,66,-16,,,FND_1_profile (Line)  Pt 156,,26.33315,156,1/21/13 16:11
157 / 1 . ,100.4037,0.861791,101.2655,-12364,81,-16,,,FND_1_profile (Line)  Pt 157,,26.34627,157,1/21/13 16:12
158 / 1 . ,99.98389,0.890219,100.8741,-12364,96,-15,,,FND_1_profile (Line)  Pt 158,,26.24508,158,1/21/13 16:14
159 / 1 . ,100.5841,0.885846,101.47,-12364,111,-15,,,FND_1_profile (Line)  Pt 159,,26.39991,159,1/21/13 16:15
160 / 1 . ,99.27421,0.932019,100.2062,-12364,126,-15,,,FND_1_profile (Line)  Pt 160,,26.07226,160,1/21/13 16:16
161 / 1 . ,100.3272,0.900729,101.228,-12364,141,-15,,,FND_1_profile (Line)  Pt 161,,26.33728,161,1/21/13 16:17
162 / 1 . ,101.1848,0.926707,102.1115,-12364,156,-15,,,FND_1_profile (Line)  Pt 162,,26.56752,162,1/21/13 16:19
163 / 1 . ,100.3097,0.900158,101.2099,-12364,171,-15,,,FND_1_profile (Line)  Pt 163,,26.33257,163,1/21/13 16:20
164 / 1 . ,100.5527,0.924964,101.4776,-12364,186,-15,,,FND_1_profile (Line)  Pt 164,,26.40269,164,1/21/13 16:21
165 / 1 . ,100.9712,0.911044,101.8822,-12364,201,-15,,,FND_1_profile (Line)  Pt 165,,26.5076,165,1/21/13 16:22
166 / 1 . ,100.4958,0.95257,101.4483,-12364,216,-15,,,FND_1_profile (Line)  Pt 166,,26.39562,166,1/21/13 16:24
167 / 1 . ,100.5331,0.957651,101.4908,-12364,231,-15,,,FND_1_profile (Line)  Pt 167,,26.40676,167,1/21/13 16:25
168 / 1 . ,100.2271,0.95717,101.1843,-12364,246,-15,,,FND_1_profile (Line)  Pt 168,,26.32707,168,1/21/13 16:26
169 / 1 . ,100.0668,0.95575,101.0226,-12364,261,-14,,,FND_1_profile (Line)  Pt 169,,26.28499,169,1/21/13 16:27
170 / 1 . ,100.26,0.983735,101.2438,-12364,276,-14,,,FND_1_profile (Line)  Pt 170,,26.34306,170,1/21/13 16:28
171 / 1 . ,100.373,0.940939,101.3139,-12364,291,-14,,,FND_1_profile (Line)  Pt 171,,26.36043,171,1/21/13 16:30
172 / 1 . ,100.5769,0.948826,101.5257,-12364,306,-14,,,FND_1_profile (Line)  Pt 172,,26.41566,172,1/21/13 16:31
173 / 1 . ,100.2899,0.966492,101.2564,-12364,321,-14,,,FND_1_profile (Line)  Pt 173,,26.34599,173,1/21/13 16:32
174 / 1 . ,100.559,0.949416,101.5084,-12364,336,-14,,,FND_1_profile (Line)  Pt 174,,26.41118,174,1/21/13 16:33
175 / 1 . ,99.94955,0.951273,100.9008,-12364,351,-14,,,FND_1_profile (Line)  Pt 175,,26.25324,175,1/21/13 16:35
176 / 1 . ,100.4428,0.970625,101.4135,-12364,366,-14,,,FND_1_profile (Line)  Pt 176,,26.38691,176,1/21/13 16:36
177 / 1 . ,100.6751,0.976997,101.6521,-12364,381,-14,,,FND_1_profile (Line)  Pt 177,,26.44909,177,1/21/13 16:37
178 / 1 . ,100.6938,0.969009,101.6628,-12364,396,-14,,,FND_1_profile (Line)  Pt 178,,26.45172,178,1/21/13 16:38
179 / 1 . ,100.4082,0.959355,101.3675,-12364,411,-14,,,FND_1_profile (Line)  Pt 179,,26.37474,179,1/21/13 16:40
180 / 1 . ,100.696,0.980412,101.6764,-12364,426,-14,,,FND_1_profile (Line)  Pt 180,,26.45546,180,1/21/13 16:41
181 / 1 . ,100.5669,0.921462,101.4883,-12364,441,-13,,,FND_1_profile (Line)  Pt 181,,26.4054,181,1/21/13 16:42
182 / 1 . ,14.27017,0.080387,14.35056,-12364,456,-13,,,FND_1_profile (Line)  Pt 182,,3.732753,182,1/21/13 16:43
183 / 1 . ,100.7676,0.899935,101.6675,-12364,471,-13,,,FND_1_profile (Line)  Pt 183,,26.45155,183,1/21/13 16:45
184 / 1 . ,99.9832,0.918994,100.9022,-12364,486,-13,,,FND_1_profile (Line)  Pt 184,,26.25295,184,1/21/13 16:46
185 / 1 . ,100.9651,0.966158,101.9312,-12364,501,-13,,,FND_1_profile (Line)  Pt 185,,26.52144,185,1/21/13 16:47
186 / 1 . ,0.964954,98.61167,99.57662,13478,1503,-104,,,FND_2_profile (Line)  Pt 1,,27.86216,186,1/21/13 16:48
187 / 1 . ,1.000879,98.96952,99.9704,13478,1488,-104,,,FND_2_profile (Line)  Pt 2,,27.97169,187,1/21/13 16:49
188 / 1 . ,0.981018,98.5803,99.56133,13478,1473,-104,,,FND_2_profile (Line)  Pt 3,,27.85755,188,1/21/13 16:51
189 / 1 . ,1.018037,98.03034,99.04838,13478,1458,-104,,,FND_2_profile (Line)  Pt 4,,27.71318,189,1/21/13 16:52
190 / 1 . ,1.019023,99.19567,100.2147,13478,1443,-104,,,FND_2_profile (Line)  Pt 5,,28.03973,190,1/21/13 16:53
191 / 1 . ,0.978667,98.65685,99.63552,13478,1428,-104,,,FND_2_profile (Line)  Pt 6,,27.87837,191,1/21/13 16:54
192 / 1 . ,1.018937,98.33601,99.35495,13478,1413,-104,,,FND_2_profile (Line)  Pt 7,,27.79901,192,1/21/13 16:56
193 / 1 . ,1.049779,98.82367,99.87344,13478,1398,-103,,,FND_2_profile (Line)  Pt 8,,27.94357,193,1/21/13 16:57
194 / 1 . ,1.034401,98.53194,99.56634,13478,1383,-103,,,FND_2_profile (Line)  Pt 9,,27.85789,194,1/21/13 16:58
195 / 1 . ,1.073749,99.17666,100.2504,13478,1368,-103,,,FND_2_profile (Line)  Pt 10,,28.04864,195,1/21/13 16:59
196 / 1 . ,1.123753,99.40735,100.5311,13478,1353,-103,,,FND_2_profile (Line)  Pt 11,,28.12623,196,1/21/13 17:01
197 / 1 . ,1.094541,98.9213,100.0158,13478,1338,-103,,,FND_2_profile (Line)  Pt 12,,27.98254,197,1/21/13 17:02
198 / 1 . ,1.13841,98.87281,100.0112,13478,1323,-103,,,FND_2_profile (Line)  Pt 13,,27.98037,198,1/21/13 17:03
199 / 1 . ,1.127015,99.13818,100.2652,13478,1308,-103,,,FND_2_profile (Line)  Pt 14,,28.05171,199,1/21/13 17:04
200 / 1 . ,1.18846,98.89515,100.0836,13478,1293,-103,,,FND_2_profile (Line)  Pt 15,,27.99964,200,1/21/13 17:06
201 / 1 . ,1.205877,98.79764,100.0035,13478,1278,-103,,,FND_2_profile (Line)  Pt 16,,27.97687,201,1/21/13 17:07
202 / 1 . ,1.236998,98.5742,99.8112,13478,1263,-103,,,FND_2_profile (Line)  Pt 17,,27.9224,202,1/21/13 17:08
203 / 1 . ,1.296812,98.80169,100.0985,13478,1248,-103,,,FND_2_profile (Line)  Pt 18,,28.00164,203,1/21/13 17:09
204 / 1 . ,1.287624,98.92453,100.2122,13478,1233,-103,,,FND_2_profile (Line)  Pt 19,,28.03365,204,1/21/13 17:10
205 / 1 . ,1.334589,98.75623,100.0908,13478,1218,-102,,,FND_2_profile (Line)  Pt 20,,27.99874,205,1/21/13 17:12
206 / 1 . ,1.410661,98.85909,100.2697,13478,1203,-102,,,FND_2_profile (Line)  Pt 21,,28.04732,206,1/21/13 17:13
207 / 1 . ,1.455693,98.43433,99.89003,13478,1188,-102,,,FND_2_profile (Line)  Pt 22,,27.94009,207,1/21/13 17:14
208 / 1 . ,1.500255,98.64084,100.1411,13478,1173,-102,,,FND_2_profile (Line)  Pt 23,,28.0095,208,1/21/13 17:15
209 / 1 . ,1.563325,98.78828,100.3516,13478,1158,-102,,,FND_2_profile (Line)  Pt 24,,28.06718,209,1/21/13 17:17
210 / 1 . ,1.641181,98.86236,100.5035,13478,1143,-102,,,FND_2_profile (Line)  Pt 25,,28.10817,210,1/21/13 17:18
211 / 1 . ,1.738411,98.67947,100.4179,13478,1128,-102,,,FND_2_profile (Line)  Pt 26,,28.08224,211,1/21/13 17:19
212 / 1 . ,1.751532,98.61086,100.3624,13478,1113,-102,,,FND_2_profile (Line)  Pt 27,,28.06644,212,1/21/13 17:20
213 / 1 . ,1.855273,98.40871,100.264,13478,1098,-102,,,FND_2_profile (Line)  Pt 28,,28.03681,213,1/21/13 17:22
214 / 1 . ,1.907095,97.99567,99.90276,13478,1083,-102,,,FND_2_profile (Line)  Pt 29,,27.93463,214,1/21/13 17:23
215 / 1 . ,2.008037,98.28139,100.2894,13478,1068,-102,,,FND_2_profile (Line)  Pt 30,,28.04088,215,1/21/13 17:24
216 / 1 . ,2.073761,98.13464,100.2084,13478,1053,-102,,,FND_2_profile (Line)  Pt 31,,28.01688,216,1/21/13 17:25
217 / 1 . ,2.192372,98.4152,100.6076,13478,1038,-102,,,FND_2_profile (Line)  Pt 32,,28.12627,217,1/21/13 17:26
218 / 1 . ,2.368528,97.89984,100.2684,13478,1023,-101,,,FND_2_profile (Line)  Pt 33,,28.02777,218,1/21/13 17:28
219 / 1 . ,2.484931,97.94184,100.4268,13478,1008,-101,,,FND_2_profile (Line)  Pt 34,,28.0698,219,1/21/13 17:29
220 / 1 . ,2.60491,97.71977,100.3247,13478,993,-101,,,FND_2_profile (Line)  Pt 35,,28.03881,220,1/21/13 17:30
221 / 1 . ,2.710589,97.84033,100.5509,13478,978,-101,,,FND_2_profile (Line)  Pt 36,,28.10005,221,1/21/13 17:31
222 / 1 . ,2.869503,97.43098,100.3005,13478,963,-101,,,FND_2_profile (Line)  Pt 37,,28.02675,222,1/21/13 17:33
223 / 1 . ,3.010013,97.17473,100.1847,13478,948,-101,,,FND_2_profile (Line)  Pt 38,,27.99153,223,1/21/13 17:34
224 / 1 . ,3.169926,97.29774,100.4677,13478,933,-101,,,FND_2_profile (Line)  Pt 39,,28.06755,224,1/21/13 17:35
225 / 1 . ,3.358244,97.6837,101.0419,13478,918,-101,,,FND_2_profile (Line)  Pt 40,,28.22458,225,1/21/13 17:36
226 / 1 . ,3.497806,96.44804,99.94585,13478,903,-101,,,FND_2_profile (Line)  Pt 41,,27.91488,226,1/21/13 17:38
227 / 1 . ,3.714915,96.44724,100.1622,13478,888,-101,,,FND_2_profile (Line)  Pt 42,,27.97111,227,1/21/13 17:39
228 / 1 . ,3.908759,96.21777,100.1265,13478,873,-101,,,FND_2_profile (Line)  Pt 43,,27.95725,228,1/21/13 17:40
229 / 1 . ,4.121301,96.12245,100.2437,13478,858,-101,,,FND_2_profile (Line)  Pt 44,,27.98582,229,1/21/13 17:41
230 / 1 . ,4.407125,95.24593,99.65305,13478,843,-100,,,FND_2_profile (Line)  Pt 45,,27.81471,230,1/21/13 17:43
231 / 1 . ,4.535997,95.42955,99.96555,13478,828,-100,,,FND_2_profile (Line)  Pt 46,,27.89963,231,1/21/13 17:44
232 / 1 . ,4.785255,95.32062,100.1059,13478,813,-100,,,FND_2_profile (Line)  Pt 47,,27.93394,232,1/21/13 17:45
233 / 1 . ,5.072777,94.7665,99.83928,13478,798,-100,,,FND_2_profile (Line)  Pt 48,,27.85354,233,1/21/13 17:46
234 / 1 . ,5.332885,94.50735,99.84024,13478,783,-100,,,FND_2_profile (Line)  Pt 49,,27.84861,234,1/21/13 17:48
235 / 1 . ,5.611386,93.92495,99.53634,13478,768,-100,,,FND_2_profile (Line)  Pt 50,,27.75795,235,1/21/13 17:49
236 / 1 . ,5.941094,94.29523,100.2363,13478,753,-100,,,FND_2_profile (Line)  Pt 51,,27.94735,236,1/21/13 17:50
237 / 1 . ,6.148902,93.93996,100.0889,13478,738,-100,,,FND_2_profile (Line)  Pt 52,,27.9019,237,1/21/13 17:51
238 / 1 . ,6.521715,93.46001,99.98172,13478,723,-100,,,FND_2_profile (Line)  Pt 53,,27.86445,238,1/21/13 17:52
239 / 1 . ,6.838156,93.53126,100.3694,13478,708,-100,,,FND_2_profile (Line)  Pt 54,,27.96667,239,1/21/13 17:54
240 / 1 . ,7.116276,92.7951,99.91138,13478,693,-100,,,FND_2_profile (Line)  Pt 55,,27.83286,240,1/21/13 17:55
241 / 1 . ,7.53806,92.81816,100.3562,13478,678,-100,,,FND_2_profile (Line)  Pt 56,,27.94898,241,1/21/13 17:56
242 / 1 . ,7.960032,91.8503,99.81033,13478,663,-99,,,FND_2_profile (Line)  Pt 57,,27.78769,242,1/21/13 17:57
243 / 1 . ,8.30112,91.80617,100.1073,13478,648,-99,,,FND_2_profile (Line)  Pt 58,,27.86402,243,1/21/13 17:59
244 / 1 . ,8.578279,91.35151,99.92979,13478,633,-99,,,FND_2_profile (Line)  Pt 59,,27.80877,244,1/21/13 18:00
245 / 1 . ,9.009183,90.8833,99.89249,13478,618,-99,,,FND_2_profile (Line)  Pt 60,,27.78971,245,1/21/13 18:01
246 / 1 . ,9.387551,90.88499,100.2725,13478,603,-99,,,FND_2_profile (Line)  Pt 61,,27.88856,246,1/21/13 18:02
247 / 1 . ,9.82788,90.33221,100.1601,13478,588,-99,,,FND_2_profile (Line)  Pt 62,,27.84827,247,1/21/13 18:04
248 / 1 . ,10.26188,90.14777,100.4097,13478,573,-99,,,FND_2_profile (Line)  Pt 63,,27.90946,248,1/21/13 18:05
249 / 1 . ,10.57867,89.54698,100.1256,13478,558,-99,,,FND_2_profile (Line)  Pt 64,,27.82361,249,1/21/13 18:06
250 / 1 . ,11.12519,88.87356,99.99875,13478,543,-99,,,FND_2_profile (Line)  Pt 65,,27.77715,250,1/21/13 18:07
251 / 1 . ,11.41863,88.65553,100.0742,13478,528,-99,,,FND_2_profile (Line)  Pt 66,,27.79239,251,1/21/13 18:09
252 / 1 . ,11.99611,88.1336,100.1297,13478,513,-99,,,FND_2_profile (Line)  Pt 67,,27.7964,252,1/21/13 18:10
253 / 1 . ,12.4231,87.75819,100.1813,13478,498,-99,,,FND_2_profile (Line)  Pt 68,,27.8023,253,1/21/13 18:11
254 / 1 . ,12.84437,87.14127,99.98564,13478,483,-99,,,FND_2_profile (Line)  Pt 69,,27.73909,254,1/21/13 18:12
255 / 1 . ,13.34459,86.39439,99.73898,13478,468,-98,,,FND_2_profile (Line)  Pt 70,,27.66002,255,1/21/13 18:14
256 / 1 . ,13.86588,86.03815,99.90402,13478,453,-98,,,FND_2_profile (Line)  Pt 71,,27.69581,256,1/21/13 18:15
257 / 1 . ,14.46893,85.7028,100.1717,13478,438,-98,,,FND_2_profile (Line)  Pt 72,,27.75871,257,1/21/13 18:16
258 / 1 . ,15.07714,84.93807,100.0152,13478,423,-98,,,FND_2_profile (Line)  Pt 73,,27.70272,258,1/21/13 18:17
259 / 1 . ,15.2992,84.56556,99.86475,13478,408,-98,,,FND_2_profile (Line)  Pt 74,,27.65615,259,1/21/13 18:19
260 / 1 . ,15.94662,84.31328,100.2599,13478,393,-98,,,FND_2_profile (Line)  Pt 75,,27.75384,260,1/21/13 18:20
261 / 1 . ,16.49619,83.47779,99.97398,13478,378,-98,,,FND_2_profile (Line)  Pt 76,,27.66279,261,1/21/13 18:21
262 / 1 . ,17.06514,83.063,100.1281,13478,363,-98,,,FND_2_profile (Line)  Pt 77,,27.69458,262,1/21/13 18:22
263 / 1 . ,17.59102,82.53713,100.1282,13478,348,-98,,,FND_2_profile (Line)  Pt 78,,27.68406,263,1/21/13 18:24
264 / 1 . ,18.16389,82.12637,100.2903,13478,333,-98,,,FND_2_profile (Line)  Pt 79,,27.71799,264,1/21/13 18:25
265 / 1 . ,18.80579,81.56964,100.3754,13478,318,-98,,,FND_2_profile (Line)  Pt 80,,27.72901,265,1/21/13 18:26
266 / 1 . ,19.34908,80.90117,100.2502,13478,303,-98,,,FND_2_profile (Line)  Pt 81,,27.68309,266,1/21/13 18:27
267 / 1 . ,19.92565,80.2333,100.1589,13478,288,-97,,,FND_2_profile (Line)  Pt 82,,27.64599,267,1/21/13 18:28
268 / 1 . ,20.53694,79.83569,100.3726,13478,273,-97,,,FND_2_profile (Line)  Pt 83,,27.6936,268,1/21/13 18:30
269 / 1 . ,21.13945,78.89149,100.0309,13478,258,-97,,,FND_2_profile (Line)  Pt 84,,27.58587,269,1/21/13 18:31
270 / 1 . ,21.75548,78.21794,99.97342,13478,243,-97,,,FND_2_profile (Line)  Pt 85,,27.55745,270,1/21/13 18:32
271 / 1 . ,22.50789,78.06067,100.5686,13478,228,-97,,,FND_2_profile (Line)  Pt 86,,27.70904,271,1/21/13 18:33
272 / 1 . ,23.14093,77.28008,100.421,13478,213,-97,,,FND_2_profile (Line)  Pt 87,,27.65506,272,1/21/13 18:35
273 / 1 . ,23.84885,76.70573,100.5546,13478,198,-97,,,FND_2_profile (Line)  Pt 88,,27.67831,273,1/21/13 18:36
274 / 1 . ,24.45825,76.08148,100.5397,13478,183,-97,,,FND_2_profile (Line)  Pt 89,,27.66196,274,1/21/13 18:37
275 / 1 . ,25.04892,75.37024,100.4192,13478,168,-97,,,FND_2_profile (Line)  Pt 90,,27.61639,275,1/21/13 18:38
276 / 1 . ,25.58371,75.03099,100.6147,13478,153,-97,,,FND_2_profile (Line)  Pt 91,,27.66044,276,1/21/13 18:40
277 / 1 . ,26.50771,74.15721,100.6649,13478,138,-97,,,FND_2_profile (Line)  Pt 92,,27.65602,277,1/21/13 18:41
278 / 1 . ,27.30416,73.17272,100.4769,13478,123,-97,,,FND_2_profile (Line)  Pt 93,,27.58744,278,1/21/13 18:42
279 / 1 . ,28.02383,72.88969,100.9135,13478,108,-97,,,FND_2_profile (Line)  Pt 94,,27.69531,279,1/21/13 18:43
280 / 1 . ,28.45014,71.8974,100.3475,13478,93,-96,,,FND_2_profile (Line)  Pt 95,,27.52831,280,1/21/13 18:45
281 / 1 . ,29.34936,70.77231,100.1217,13478,78,-96,,,FND_2_profile (Line)  Pt 96,,27.44708,281,1/21/13 18:46
282 / 1 . ,30.16827,70.51086,100.6791,13478,63,-96,,,FND_2_profile (Line)  Pt 97,,27.58679,282,1/21/13 18:47
283 / 1 . ,30.97348,69.64568,100.6192,13478,48,-96,,,FND_2_profile (Line)  Pt 98,,27.5539,283,1/21/13 18:48
284 / 1 . ,31.78505,68.86359,100.6486,13478,33,-96,,,FND_2_profile (Line)  Pt 99,,27.54592,284,1/21/13 18:50
285 / 1 . ,32.48948,68.33669,100.8262,13478,18,-96,,,FND_2_profile (Line)  Pt 100,,27.58154,285,1/21/13 18:51
286 / 1 . ,33.58189,67.37267,100.9546,13478,3,-96,,,FND_2_profile (Line)  Pt 101,,27.59564,286,1/21/13 18:52
287 / 1 . ,34.03826,66.67654,100.7148,13478,-12,-96,,,FND_2_profile (Line)  Pt 102,,27.51938,287,1/21/13 18:53
288 / 1 . ,34.87771,65.77316,100.6509,13478,-27,-96,,,FND_2_profile (Line)  Pt 103,,27.48469,288,1/21/13 18:54
289 / 1 . ,35.9294,64.84875,100.7782,13478,-42,-96,,,FND_2_profile (Line)  Pt 104,,27.49929,289,1/21/13 18:56
290 / 1 . ,36.98994,64.0057,100.9957,13478,-57,-96,,,FND_2_profile (Line)  Pt 105,,27.53898,290,1/21/13 18:57
291 / 1 . ,37.51051,63.08456,100.5951,13478,-72,-96,,,FND_2_profile (Line)  Pt 106,,27.41641,291,1/21/13 18:58
292 / 1 . ,38.62851,62.07122,100.6997,13478,-87,-95,,,FND_2_profile (Line)  Pt 107,,27.42335,292,1/21/13 18:59
293 / 1 . ,39.76162,61.25098,101.0126,13478,-102,-95,,,FND_2_profile (Line)  Pt 108,,27.4883,293,1/21/13 19:01
294 / 1 . ,40.63917,60.19154,100.8307,13478,-117,-95,,,FND_2_profile (Line)  Pt 109,,27.41982,294,1/21/13 19:02
295 / 1 . ,41.65326,59.18754,100.8408,13478,-132,-95,,,FND_2_profile (Line)  Pt 110,,27.40236,295,1/21/13 19:03
296 / 1 . ,42.51018,58.07793,100.5881,13478,-147,-95,,,FND_2_profile (Line)  Pt 111,,27.31447,296,1/21/13 19:04
297 / 1 . ,43.60678,57.22434,100.8311,13478,-162,-95,,,FND_2_profile (Line)  Pt 112,,27.36058,297,1/21/13 19:06
298 / 1 . ,44.88758,56.44903,101.3366,13478,-177,-95,,,FND_2_profile (Line)  Pt 113,,27.4765,298,1/21/13 19:07
299 / 1 . ,46.11347,55.00505,101.1185,13478,-192,-95,,,FND_2_profile (Line)  Pt 114,,27.39092,299,1/21/13 19:08
300 / 1 . ,47.21028,54.01075,101.221,13478,-207,-95,,,FND_2_profile (Line)  Pt 115,,27.39768,300,1/21/13 19:09
301 / 1 . ,48.34991,52.60047,100.9504,13478,-222,-95,,,FND_2_profile (Line)  Pt 116,,27.29911,301,1/21/13 19:11
302 / 1 . ,49.59575,51.52654,101.1223,13478,-237,-95,,,FND_2_profile (Line)  Pt 117,,27.32232,302,1/21/13 19:12
303 / 1 . ,51.07201,49.93301,101.005,13478,-252,-95,,,FND_2_profile (Line)  Pt 118,,27.25997,303,1/21/13 19:13
304 / 1 . ,52.2295,48.70998,100.9395,13478,-267,-95,,,FND_2_profile (Line)  Pt 119,,27.21847,304,1/21/13 19:14
305 / 1 . ,53.39239,47.51181,100.9042,13478,-282,-94,,,FND_2_profile (Line)  Pt 120,,27.18533,305,1/21/13 19:16
306 / 1 . ,55.05045,45.76593,100.8164,13478,-297,-94,,,FND_2_profile (Line)  Pt 121,,27.12757,306,1/21/13 19:17
307 / 1 . ,56.36372,44.4833,100.847,13478,-312,-94,,,FND_2_profile (Line)  Pt 122,,27.10989,307,1/21/13 19:18
308 / 1 . ,57.9915,42.7619,100.7534,13478,-327,-94,,,FND_2_profile (Line)  Pt 123,,27.05112,308,1/21/13 19:19
309 / 1 . ,59.7184,41.34367,101.0621,13478,-342,-94,,,FND_2_profile (Line)  Pt 124,,27.10301,309,1/21/13 19:21
310 / 1 . ,61.24694,39.30251,100.5494,13478,-357,-94,,,FND_2_profile (Line)  Pt 125,,26.92891,310,1/21/13 19:22
311 / 1 . ,63.70823,37.70075,101.409,13478,-372,-94,,,FND_2_profile (Line)  Pt 126,,27.12035,311,1/21/13 19:23
312 / 1 . ,65.06483,35.98885,101.0537,13478,-387,-94,,,FND_2_profile (Line)  Pt 127,,26.99374,312,1/21/13 19:24
313 / 1 . ,67.23341,34.17597,101.4094,13478,-402,-94,,,FND_2_profile (Line)  Pt 128,,27.04996,313,1/21/13 19:26
314 / 1 . ,69.23838,32.05886,101.2972,13478,-417,-94,,,FND_2_profile (Line)  Pt 129,,26.97846,314,1/21/13 19:27
315 / 1 . ,71.11321,30.0317,101.1449,13478,-432,-94,,,FND_2_profile (Line)  Pt 130,,26.89831,315,1/21/13 19:28
316 / 1 . ,71.52451,27.44116,98.96567,13478,-447,-94,,,FND_2_profile (Line)  Pt 131,,26.2799,316,1/21/13 19:29
317 / 1 . ,75.73245,25.65533,101.3878,13478,-462,-93,,,FND_2_profile (Line)  Pt 132,,26.87393,317,1/21/13 19:30
318 / 1 . ,77.79385,23.29367,101.0875,13478,-477,-93,,,FND_2_profile (Line)  Pt 133,,26.74863,318,1/21/13 19:32
319 / 1 . ,80.62544,21.07599,101.7014,13478,-492,-93,,,FND_2_profile (Line)  Pt 134,,26.86389,319,1/21/13 19:33
320 / 1 . ,82.39224,19.10765,101.4999,13478,-507,-93,,,FND_2_profile (Line)  Pt 135,,26.77212,320,1/21/13 19:34
321 / 1 . ,85.09051,16.83356,101.9241,13478,-522,-93,,,FND_2_profile (Line)  Pt 136,,26.83693,321,1/21/13 19:35
322 / 1 . ,86.60862,14.71722,101.3258,13478,-537,-93,,,FND_2_profile (Line)  Pt 137,,26.63906,322,1/21/13 19:37
323 / 1 . ,88.23502,12.63007,100.8651,13478,-552,-93,,,FND_2_profile (Line)  Pt 138,,26.47752,323,1/21/13 19:38
324 / 1 . ,91.07489,11.00061,102.0755,13478,-567,-93,,,FND_2_profile (Line)  Pt 139,,26.75964,324,1/21/13 19:39
325 / 1 . ,92.58742,9.219988,101.8074,13478,-582,-93,,,FND_2_profile (Line)  Pt 140,,26.65433,325,1/21/13 19:40
326 / 1 . ,94.27711,7.729377,102.0065,13478,-597,-93,,,FND_2_profile (Line)  Pt 141,,26.67627,326,1/21/13 19:42
327 / 1 . ,95.95749,6.444598,102.4021,13478,-612,-93,,,FND_2_profile (Line)  Pt 142,,26.75343,327,1/21/13 19:43
328 / 1 . ,96.14642,5.472312,101.6187,13478,-627,-93,,,FND_2_profile (Line)  Pt 143,,26.53032,328,1/21/13 19:44
329 / 1 . ,97.23345,4.477123,101.7106,13478,-642,-93,,,FND_2_profile (Line)  Pt 144,,26.53429,329,1/21/13 19:45
330 / 1 . ,97.89087,3.524224,101.4151,13478,-657,-92,,,FND_2_profile (Line)  Pt 145,,26.43841,330,1/21/13 19:47
331 / 1 . ,98.92213,2.999194,101.9213,13478,-672,-92,,,FND_2_profile (Line)  Pt 146,,26.55953,331,1/21/13 19:48
332 / 1 . ,99.54584,2.587528,102.1334,13478,-687,-92,,,FND_2_profile (Line)  Pt 147,,26.60643,332,1/21/13 19:49
333 / 1 . ,99.57986,2.184145,101.764,13478,-702,-92,,,FND_2_profile (Line)  Pt 148,,26.50233,333,1/21/13 19:50
334 / 1 . ,100.3616,1.831799,102.1934,13478,-717,-92,,,FND_2_profile (Line)  Pt 149,,26.60692,334,1/21/13 19:52
335 / 1 . ,100.7159,1.589689,102.3056,13478,-732,-92,,,FND_2_profile (Line)  Pt 150,,26.63125,335,1/21/13 19:53
336 / 1 . ,100.6148,1.453265,102.068,13478,-747,-92,,,FND_2_profile (Line)  Pt 151,,26.56676,336,1/21/13 19:54
337 / 1 . ,100.6137,1.210862,101.8245,13478,-762,-92,,,FND_2_profile (Line)  Pt 152,,26.49859,337,1/21/13 19:55
338 / 1 . ,100.0664,1.173322,101.2398,13478,-777,-92,,,FND_2_profile (Line)  Pt 153,,26.3458,338,1/21/13 19:57
339 / 1 . ,101.426,1.081392,102.5074,13478,-792,-92,,,FND_2_profile (Line)  Pt 154,,26.67354,339,1/21/13 19:58
340 / 1 . ,100.6862,1.039493,101.7257,13478,-807,-92,,,FND_2_profile (Line)  Pt 155,,26.46948,340,1/21/13 19:59
341 / 1 . ,101.0654,0.987233,102.0526,13478,-822,-92,,,FND_2_profile (Line)  Pt 156,,26.55342,341,1/21/13 20:00
342 / 1 . ,100.8246,0.97366,101.7982,13478,-837,-91,,,FND_2_profile (Line)  Pt 157,,26.48701,342,1/21/13 20:02
343 / 1 . ,100.7829,0.942014,101.7249,13478,-852,-91,,,FND_2_profile (Line)  Pt 158,,26.46731,343,1/21/13 20:03
344 / 1 . ,100.9974,0.902146,101.8995,13478,-867,-91,,,FND_2_profile (Line)  Pt 159,,26.51192,344,1/21/13 20:04
345 / 1 . ,100.2023,0.914461,101.1168,13478,-882,-91,,,FND_2_profile (Line)  Pt 160,,26.30865,345,1/21/13 20:05
346 / 1 . ,100.5585,0.887496,101.446,13478,-897,-91,,,FND_2_profile (Line)  Pt 161,,26.39371,346,1/21/13 20:07
347 / 1 . ,100.5806,0.894171,101.4748,13478,-912,-91,,,FND_2_profile (Line)  Pt 162,,26.40133,347,1/21/13 20:08
348 / 1 . ,100.6922,0.905282,101.5975,13478,-927,-91,,,FND_2_profile (Line)  Pt 163,,26.43346,348,1/21/13 20:09
349 / 1 . ,100.7268,0.879601,101.6064,13478,-942,-91,,,FND_2_profile (Line)  Pt 164,,26.43525,349,1/21/13 20:10
350 / 1 . ,100.8517,0.871894,101.7236,13478,-957,-91,,,FND_2_profile (Line)  Pt 165,,26.46558,350,1/21/13 20:11
351 / 1 . ,100.8432,0.910241,101.7534,13478,-972,-91,,,FND_2_profile (Line)  Pt 166,,26.47409,351,1/21/13 20:13
352 / 1 . ,100.7192,0.893581,101.6128,13478,-987,-91,,,FND_2_profile (Line)  Pt 167,,26.4372,352,1/21/13 20:14
353 / 1 . ,100.0908,0.920548,101.0114,13478,-1002,-91,,,FND_2_profile (Line)  Pt 168,,26.28137,353,1/21/13 20:15
354 / 1 . ,100.4534,0.928328,101.3818,13478,-1017,-90,,,FND_2_profile (Line)  Pt 169,,26.37782,354,1/21/13 20:16
355 / 1 . ,100.2171,0.882721,101.0998,13478,-1032,-90,,,FND_2_profile (Line)  Pt 170,,26.3036,355,1/21/13 20:18
356 / 1 . ,100.1455,0.838294,100.9838,13478,-1047,-90,,,FND_2_profile (Line)  Pt 171,,26.27255,356,1/21/13 20:19
357 / 1 . ,100.2242,0.897514,101.1217,13478,-1062,-90,,,FND_2_profile (Line)  Pt 172,,26.30959,357,1/21/13 20:20
358 / 1 . ,100.5725,0.904998,101.4775,13478,-1077,-90,,,FND_2_profile (Line)  Pt 173,,26.40226,358,1/21/13 20:21
359 / 1 . ,100.4945,0.917681,101.4122,13478,-1092,-90,,,FND_2_profile (Line)  Pt 174,,26.38552,359,1/21/13 20:23
360 / 1 . ,99.45356,0.903517,100.3571,13478,-1107,-90,,,FND_2_profile (Line)  Pt 175,,26.11091,360,1/21/13 20:24
361 / 1 . ,100.9109,0.94594,101.8568,13478,-1122,-90,,,FND_2_profile (Line)  Pt 176,,26.50169,361,1/21/13 20:25
362 / 1 . ,100.81,0.874144,101.6841,13478,-1137,-90,,,FND_2_profile (Line)  Pt 177,,26.45535,362,1/21/13 20:26
363 / 1 . ,101.0956,0.879902,101.9756,13478,-1152,-90,,,FND_2_profile (Line)  Pt 178,,26.53124,363,1/21/13 20:28
364 / 1 . ,100.798,0.862665,101.6607,13478,-1167,-90,,,FND_2_profile (Line)  Pt 179,,26.44902,364,1/21/13 20:29
365 / 1 . ,100.4847,0.941694,101.4264,13478,-1182,-90,,,FND_2_profile (Line)  Pt 180,,26.38969,365,1/21/13 20:30
366 / 1 . ,101.0077,0.913981,101.9217,13478,-1197,-90,,,FND_2_profile (Line)  Pt 181,,26.51791,366,1/21/13 20:31
367 / 1 . ,100.8196,0.865699,101.6853,13478,-1212,-89,,,FND_2_profile (Line)  Pt 182,,26.45548,367,1/21/13 20:33
368 / 1 . ,101.3445,0.880779,102.2253,13478,-1227,-89,,,FND_2_profile (Line)  Pt 183,,26.59619,368,1/21/13 20:34
369 / 1 . ,100.286,0.873013,101.159,13478,-1242,-89,,,FND_2_profile (Line)  Pt 184,,26.3188,369,1/21/13 20:35
370 / 1 . ,100.6121,0.940315,101.5524,13478,-1257,-89,,,FND_2_profile (Line)  Pt 185,,26.42243,370,1/21/13 20:36
371 / 1 . ,100.4836,0.909727,101.3933,13478,-1272,-89,,,FND_2_profile (Line)  Pt 186,,26.38045,371,1/21/13 20:38
372 / 1 . ,100.3031,0.901835,101.205,13478,-1287,-89,,,FND_2_profile (Line)  Pt 187,,26.33133,372,1/21/13 20:39
373 / 1 . ,100.5445,0.92858,101.4731,13478,-1302,-89,,,FND_2_profile (Line)  Pt 188,,26.40158,373,1/21/13 20:40
374 / 1 . ,100.1139,0.927123,101.041,13478,-1317,-89,,,FND_2_profile (Line)  Pt 189,,26.28921,374,1/21/13 20:41
375 / 1 . ,100.6222,0.929,101.5512,13478,-1332,-89,,,FND_2_profile (Line)  Pt 190,,26.42189,375,1/21/13 20:43
376 / 1 . ,100.1303,0.965821,101.0961,13478,-1347,-89,,,FND_2_profile (Line)  Pt 191,,26.30431,376,1/21/13 20:44
377 / 1 . ,99.83061,0.945623,100.7762,13478,-1362,-89,,,FND_2_profile (Line)  Pt 192,,26.22073,377,1/21/13 20:45
378 / 1 . ,100.2822,0.927173,101.2094,13478,-1377,-89,,,FND_2_profile (Line)  Pt 193,,26.33299,378,1/21/13 20:46
379 / 1 . ,100.3545,0.935237,101.2897,13478,-1392,-88,,,FND_2_profile (Line)  Pt 194,,26.35403,379,1/21/13 20:48
380 / 1 . ,100.0773,0.885181,100.9625,13478,-1407,-88,,,FND_2_profile (Line)  Pt 195,,26.26795,380,1/21/13 20:49
381 / 1 . ,100.2632,0.923525,101.1867,13478,-1422,-88,,,FND_2_profile (Line)  Pt 196,,26.32702,381,1/21/13 20:50
382 / 1 . ,100.4799,0.904329,101.3842,13478,-1437,-88,,,FND_2_profile (Line)  Pt 197,,26.37797,382,1/21/13 20:51
383 / 1 . ,100.0976,0.906278,101.0039,13478,-1452,-88,,,FND_2_profile (Line)  Pt 198,,26.27914,383,1/21/13 20:52
384 / 1 . ,100.2742,0.925043,101.1993,13478,-1467,-88,,,FND_2_profile (Line)  Pt 199,,26.33031,384,1/21/13 20:54
385 / 1 . ,0.002156,100.4989,100.5011,12543,24578,2,,,FND_10_profile (Line)  Pt 1,,28.14026,385,1/21/13 20:55
386 / 1 . ,-0.000196,101.3276,101.3274,12543,24593,2,,,FND_10_profile (Line)  Pt 2,,28.37167,386,1/21/13 20:56
387 / 1 . ,0.011147,101.4398,101.451,12543,24608,2,,,FND_10_profile (Line)  Pt 3,,28.40606,387,1/21/13 20:58
388 / 1 . ,-0.000785,100.8028,100.802,12543,24623,2,,,FND_10_profile (Line)  Pt 4,,28.22457,388,1/21/13 20:59
389 / 1 . ,-0.004893,101.0259,101.021,12543,24638,2,,,FND_10_profile (Line)  Pt 5,,28.28598,389,1/21/13 21:00
390 / 1 . ,0.00624,101.2748,101.281,12543,24653,2,,,FND_10_profile (Line)  Pt 6,,28.35856,390,1/21/13 21:01
391 / 1 . ,-0.002738,100.6641,100.6614,12543,24668,3,,,FND_10_profile (Line)  Pt 7,,28.18525,391,1/21/13 21:02
392 / 1 . ,-0.010803,100.866,100.8552,12543,24683,3,,,FND_10_profile (Line)  Pt 8,,28.23967,392,1/21/13 21:04
393 / 1 . ,-0.011796,100.7517,100.7399,12543,24698,3,,,FND_10_profile (Line)  Pt 9,,28.20742,393,1/21/13 21:05
394 / 1 . ,0.015533,100.9727,100.9882,12543,24713,3,,,FND_10_profile (Line)  Pt 10,,28.27639,394,1/21/13 21:06
395 / 1 . ,0.000589,100.8836,100.8842,12543,24728,3,,,FND_10_profile (Line)  Pt 11,,28.24755,395,1/21/13 21:07
396 / 1 . ,-0.005678,100.8832,100.8775,12543,24743,3,,,FND_10_profile (Line)  Pt 12,,28.24581,396,1/21/13 21:09
397 / 1 . ,0.018041,100.6002,100.6183,12543,24758,3,,,FND_10_profile (Line)  Pt 13,,28.17276,397,1/21/13 21:10
398 / 1 . ,0.004309,100.9287,100.933,12543,24773,3,,,FND_10_profile (Line)  Pt 14,,28.26115,398,1/21/13 21:11
399 / 1 . ,0.005692,100.5695,100.5751,12543,24788,3,,,FND_10_profile (Line)  Pt 15,,28.16093,399,1/21/13 21:12
400 / 1 . ,-0.004706,100.8624,100.8576,12543,24803,3,,,FND_10_profile (Line)  Pt 16,,28.24023,400,1/21/13 21:14
401 / 1 . ,0.028267,100.7789,100.8071,12543,24818,3,,,FND_10_profile (Line)  Pt 17,,28.22543,401,1/21/13 21:15
402 / 1 . ,-0.011568,100.8799,100.8684,12543,24833,3,,,FND_10_profile (Line)  Pt 18,,28.24337,402,1/21/13 21:16
403 / 1 . ,-0.010794,100.8687,100.8579,12543,24848,4,,,FND_10_profile (Line)  Pt 19,,28.24042,403,1/21/13 21:17
404 / 1 . ,-0.009216,101.2222,101.213,12543,24863,4,,,FND_10_profile (Line)  Pt 20,,28.33982,404,1/21/13 21:19
405 / 1 . ,0.015279,101.0855,101.1008,12543,24878,4,,,FND_10_profile (Line)  Pt 21,,28.30791,405,1/21/13 21:20
406 / 1 . ,-0.012905,100.6788,100.6659,12543,24893,4,,,FND_10_profile (Line)  Pt 22,,28.18672,406,1/21/13 21:21
407 / 1 . ,-0.003532,100.7528,100.7493,12543,24908,4,,,FND_10_profile (Line)  Pt 23,,28.20986,407,1/21/13 21:22
408 / 1 . ,-0.008653,101.1262,101.1175,12543,24923,4,,,FND_10_profile (Line)  Pt 24,,28.31308,408,1/21/13 21:24
409 / 1 . ,0.031186,100.6127,100.6439,12543,24938,4,,,FND_10_profile (Line)  Pt 25,,28.17966,409,1/21/13 21:25
410 / 1 . ,-0.019188,100.9459,100.9267,12543,24953,4,,,FND_10_profile (Line)  Pt 26,,28.25987,410,1/21/13 21:26
411 / 1 . ,0.011937,100.6444,100.6563,12543,24968,4,,,FND_10_profile (Line)  Pt 27,,28.18353,411,1/21/13 21:27
412 / 1 . ,-0.004498,100.828,100.8235,12543,24983,4,,,FND_10_profile (Line)  Pt 28,,28.23067,412,1/21/13 21:29
413 / 1 . ,0.009634,100.6826,100.6922,12543,24998,4,,,FND_10_profile (Line)  Pt 29,,28.19362,413,1/21/13 21:30
414 / 1 . ,0.016259,100.8991,100.9154,12543,25013,5,,,FND_10_profile (Line)  Pt 30,,28.25598,414,1/21/13 21:31
415 / 1 . ,0.010774,100.8705,100.8813,12543,25028,5,,,FND_10_profile (Line)  Pt 31,,28.24655,415,1/21/13 21:32
416 / 1 . ,0.007457,100.8874,100.8948,12543,25043,5,,,FND_10_profile (Line)  Pt 32,,28.2504,416,1/21/13 21:34
417 / 1 . ,-0.002745,100.7764,100.7737,12543,25058,5,,,FND_10_profile (Line)  Pt 33,,28.21668,417,1/21/13 21:35
418 / 1 . ,0.013151,100.9059,100.9191,12543,25073,5,,,FND_10_profile (Line)  Pt 34,,28.25708,418,1/21/13 21:36
419 / 1 . ,0.003532,101.2029,101.2064,12543,25088,5,,,FND_10_profile (Line)  Pt 35,,28.33772,419,1/21/13 21:37
420 / 1 . ,0.006256,101.201,101.2072,12543,25103,5,,,FND_10_profile (Line)  Pt 36,,28.33789,420,1/21/13 21:38
421 / 1 . ,0.001566,100.8051,100.8067,12543,25118,5,,,FND_10_profile (Line)  Pt 37,,28.22585,421,1/21/13 21:40
422 / 1 . ,0.001766,100.8148,100.8165,12543,25133,5,,,FND_10_profile (Line)  Pt 38,,28.22859,422,1/21/13 21:41
423 / 1 . ,0.005698,100.9491,100.9548,12543,25148,5,,,FND_10_profile (Line)  Pt 39,,28.26724,423,1/21/13 21:42
424 / 1 . ,0.002161,101.2091,101.2113,12543,25163,5,,,FND_10_profile (Line)  Pt 40,,28.33911,424,1/21/13 21:43
425 / 1 . ,-0.002553,101.1797,101.1771,12543,25178,6,,,FND_10_profile (Line)  Pt 41,,28.32965,425,1/21/13 21:45
426 / 1 . ,-0.005501,100.8011,100.7956,12543,25193,6,,,FND_10_profile (Line)  Pt 42,,28.22287,426,1/21/13 21:46
427 / 1 . ,-0.007066,100.9155,100.9085,12543,25208,6,,,FND_10_profile (Line)  Pt 43,,28.25451,427,1/21/13 21:47
428 / 1 . ,-0.007634,100.6255,100.6179,12543,25223,6,,,FND_10_profile (Line)  Pt 44,,28.17315,428,1/21/13 21:48
429 / 1 . ,0.000196,100.6015,100.6017,12543,25238,6,,,FND_10_profile (Line)  Pt 45,,28.16848,429,1/21/13 21:50
430 / 1 . ,-0.012749,100.599,100.5862,12543,25253,6,,,FND_10_profile (Line)  Pt 46,,28.1644,430,1/21/13 21:51
431 / 1 . ,0.010196,99.08584,99.09604,12543,25268,6,,,FND_10_profile (Line)  Pt 47,,27.74669,431,1/21/13 21:52
432 / 1 . ,0.001173,99.23735,99.23853,12543,25283,6,,,FND_10_profile (Line)  Pt 48,,27.78676,432,1/21/13 21:53
433 / 1 . ,0.006466,99.13259,99.13906,12543,25298,6,,,FND_10_profile (Line)  Pt 49,,27.75881,433,1/21/13 21:55
434 / 1 . ,-0.00451,99.26646,99.26195,12543,25313,6,,,FND_10_profile (Line)  Pt 50,,27.79344,434,1/21/13 21:56
435 / 1 . ,0.014734,99.3014,99.31613,12543,25328,6,,,FND_10_profile (Line)  Pt 51,,27.80822,435,1/21/13 21:57
436 / 1 . ,0.000785,99.34753,99.34831,12543,25343,6,,,FND_10_profile (Line)  Pt 52,,27.81751,436,1/21/13 21:58
437 / 1 . ,-0.010766,99.29412,99.28336,12543,25358,7,,,FND_10_profile (Line)  Pt 53,,27.79955,437,1/21/13 22:00
438 / 1 . ,0.022617,99.11319,99.1358,12543,25373,7,,,FND_10_profile (Line)  Pt 54,,27.75757,438,1/21/13 22:01
439 / 1 . ,0.029058,99.37656,99.40562,12543,25388,7,,,FND_10_profile (Line)  Pt 55,,27.83299,439,1/21/13 22:02
440 / 1 . ,-0.005085,99.46256,99.45748,12543,25403,7,,,FND_10_profile (Line)  Pt 56,,27.8482,440,1/21/13 22:03
441 / 1 . ,0.002153,98.43178,98.43393,12543,25418,7,,,FND_10_profile (Line)  Pt 57,,27.56146,441,1/21/13 22:05
442 / 1 . ,0.005501,99.31364,99.31914,12543,25433,7,,,FND_10_profile (Line)  Pt 58,,27.80925,442,1/21/13 22:06
443 / 1 . ,-0.002946,99.39262,99.38967,12543,25448,7,,,FND_10_profile (Line)  Pt 59,,27.82917,443,1/21/13 22:07
444 / 1 . ,0.016491,99.12307,99.13956,12543,25463,7,,,FND_10_profile (Line)  Pt 60,,27.75875,444,1/21/13 22:09
445 / 1 . ,0.015082,99.00518,99.02026,12543,25478,7,,,FND_10_profile (Line)  Pt 61,,27.72537,445,1/21/13 22:10
446 / 1 . ,0.009999,99.49229,99.5023,12543,25493,7,,,FND_10_profile (Line)  Pt 62,,27.86044,446,1/21/13 22:11
447 / 1 . ,0.017044,99.11678,99.13382,12543,25508,7,,,FND_10_profile (Line)  Pt 63,,27.75713,447,1/21/13 22:12
448 / 1 . ,0.04079,99.40903,99.44982,12543,25523,8,,,FND_10_profile (Line)  Pt 64,,27.84513,448,1/21/13 22:14
449 / 1 . ,0.026062,99.09744,99.1235,12543,25538,8,,,FND_10_profile (Line)  Pt 65,,27.75406,449,1/21/13 22:15
450 / 1 . ,0.024487,99.02317,99.04765,12543,25553,8,,,FND_10_profile (Line)  Pt 66,,27.73285,450,1/21/13 22:16
451 / 1 . ,0.04756,99.36708,99.41464,12543,25568,8,,,FND_10_profile (Line)  Pt 67,,27.83515,451,1/21/13 22:17
452 / 1 . ,0.064368,99.16244,99.2268,12543,25583,8,,,FND_10_profile (Line)  Pt 68,,27.78222,452,1/21/13 22:19
453 / 1 . ,0.037714,99.26141,99.29913,12543,25598,8,,,FND_10_profile (Line)  Pt 69,,27.803,453,1/21/13 22:20
454 / 1 . ,0.075154,99.26357,99.33873,12543,25613,8,,,FND_10_profile (Line)  Pt 70,,27.81334,454,1/21/13 22:21
455 / 1 . ,0.077497,99.08971,99.16721,12543,25628,8,,,FND_10_profile (Line)  Pt 71,,27.76527,455,1/21/13 22:22
456 / 1 . ,0.113404,99.12623,99.23964,12543,25643,8,,,FND_10_profile (Line)  Pt 72,,27.78483,456,1/21/13 22:24
457 / 1 . ,0.113395,99.19816,99.31155,12543,25658,8,,,FND_10_profile (Line)  Pt 73,,27.80497,457,1/21/13 22:25
458 / 1 . ,0.145823,99.37173,99.51755,12543,25673,8,,,FND_10_profile (Line)  Pt 74,,27.862,458,1/21/13 22:26
459 / 1 . ,0.170854,98.99668,99.16754,12543,25688,9,,,FND_10_profile (Line)  Pt 75,,27.76349,459,1/21/13 22:27
460 / 1 . ,0.180916,99.16235,99.34326,12543,25703,9,,,FND_10_profile (Line)  Pt 76,,27.81249,460,1/21/13 22:29
461 / 1 . ,0.252759,98.69905,98.95181,12543,25718,9,,,FND_10_profile (Line)  Pt 77,,27.70145,461,1/21/13 22:30
462 / 1 . ,0.28706,99.0956,99.38267,12543,25733,9,,,FND_10_profile (Line)  Pt 78,,27.82141,462,1/21/13 22:31
463 / 1 . ,0.313007,99.15779,99.4708,12543,25748,9,,,FND_10_profile (Line)  Pt 79,,27.84556,463,1/21/13 22:32
464 / 1 . ,0.36793,98.53713,98.90506,12543,25763,9,,,FND_10_profile (Line)  Pt 80,,27.68606,464,1/21/13 22:34
465 / 1 . ,0.424046,98.98664,99.41069,12543,25778,9,,,FND_10_profile (Line)  Pt 81,,27.82651,465,1/21/13 22:35
466 / 1 . ,0.501271,98.60993,99.1112,12543,25793,9,,,FND_10_profile (Line)  Pt 82,,27.74111,466,1/21/13 22:36
467 / 1 . ,0.56035,98.72241,99.28276,12543,25808,9,,,FND_10_profile (Line)  Pt 83,,27.78797,467,1/21/13 22:37
468 / 1 . ,0.630699,98.6673,99.298,12543,25823,9,,,FND_10_profile (Line)  Pt 84,,27.79082,468,1/21/13 22:39
469 / 1 . ,0.725115,98.43547,99.16058,12543,25838,9,,,FND_10_profile (Line)  Pt 85,,27.75046,469,1/21/13 22:40
470 / 1 . ,0.848567,98.5973,99.44587,12543,25853,9,,,FND_10_profile (Line)  Pt 86,,27.82787,470,1/21/13 22:41
471 / 1 . ,0.949502,97.99857,98.94807,12543,25868,10,,,FND_10_profile (Line)  Pt 87,,27.68647,471,1/21/13 22:42
472 / 1 . ,1.100413,98.03943,99.13985,12543,25883,10,,,FND_10_profile (Line)  Pt 88,,27.73715,472,1/21/13 22:43
473 / 1 . ,1.261825,98.0504,99.31223,12543,25898,10,,,FND_10_profile (Line)  Pt 89,,27.78219,473,1/21/13 22:45
474 / 1 . ,1.43407,97.91994,99.35402,12543,25913,10,,,FND_10_profile (Line)  Pt 90,,27.79044,474,1/21/13 22:46
475 / 1 . ,1.59098,97.74581,99.33679,12543,25928,10,,,FND_10_profile (Line)  Pt 91,,27.78248,475,1/21/13 22:47
476 / 1 . ,1.790599,97.71977,99.51037,12543,25943,10,,,FND_10_profile (Line)  Pt 92,,27.82709,476,1/21/13 22:48
477 / 1 . ,2.035577,97.62614,99.66171,12543,25958,10,,,FND_10_profile (Line)  Pt 93,,27.86457,477,1/21/13 22:50
478 / 1 . ,2.239951,97.00072,99.24067,12543,25973,10,,,FND_10_profile (Line)  Pt 94,,27.74259,478,1/21/13 22:51
479 / 1 . ,2.512131,96.80678,99.31891,12543,25988,10,,,FND_10_profile (Line)  Pt 95,,27.75905,479,1/21/13 22:52
480 / 1 . ,2.742234,96.50066,99.2429,12543,26003,10,,,FND_10_profile (Line)  Pt 96,,27.73317,480,1/21/13 22:53
481 / 1 . ,3.114984,96.41453,99.52951,12543,26018,10,,,FND_10_profile (Line)  Pt 97,,27.80596,481,1/21/13 22:55
482 / 1 . ,3.460529,95.79867,99.2592,12543,26033,11,,,FND_10_profile (Line)  Pt 98,,27.72337,482,1/21/13 22:56
483 / 1 . ,3.773889,95.50406,99.27795,12543,26048,11,,,FND_10_profile (Line)  Pt 99,,27.72235,483,1/21/13 22:57
484 / 1 . ,4.186362,95.4869,99.67326,12543,26063,11,,,FND_10_profile (Line)  Pt 100,,27.82479,484,1/21/13 22:58
485 / 1 . ,4.59245,95.01868,99.61113,12543,26078,11,,,FND_10_profile (Line)  Pt 101,,27.79927,485,1/21/13 23:00
486 / 1 . ,5.05988,94.45329,99.51318,12543,26093,11,,,FND_10_profile (Line)  Pt 102,,27.76249,486,1/21/13 23:01
487 / 1 . ,5.489141,94.41815,99.90729,12543,26108,11,,,FND_10_profile (Line)  Pt 103,,27.86426,487,1/21/13 23:02
488 / 1 . ,5.956072,93.69814,99.65421,12543,26123,11,,,FND_10_profile (Line)  Pt 104,,27.78406,488,1/21/13 23:03
489 / 1 . ,6.478576,92.92101,99.39959,12543,26138,11,,,FND_10_profile (Line)  Pt 105,,27.70231,489,1/21/13 23:05
490 / 1 . ,7.094821,92.67766,99.77248,12543,26153,11,,,FND_10_profile (Line)  Pt 106,,27.7944,490,1/21/13 23:06
491 / 1 . ,7.460353,92.40567,99.86603,12543,26168,11,,,FND_10_profile (Line)  Pt 107,,27.81328,491,1/21/13 23:07
492 / 1 . ,8.085104,91.30371,99.38882,12543,26183,11,,,FND_10_profile (Line)  Pt 108,,27.66717,492,1/21/13 23:08
493 / 1 . ,8.708578,91.11523,99.82381,12543,26198,11,,,FND_10_profile (Line)  Pt 109,,27.7765,493,1/21/13 23:10
494 / 1 . ,9.343494,90.56136,99.90485,12543,26213,12,,,FND_10_profile (Line)  Pt 110,,27.78649,494,1/21/13 23:11
495 / 1 . ,9.93084,89.83017,99.76101,12543,26228,12,,,FND_10_profile (Line)  Pt 111,,27.73447,495,1/21/13 23:12
496 / 1 . ,10.56104,89.11861,99.67965,12543,26243,12,,,FND_10_profile (Line)  Pt 112,,27.69908,496,1/21/13 23:13
497 / 1 . ,11.22879,88.61923,99.84802,12543,26258,12,,,FND_10_profile (Line)  Pt 113,,27.73287,497,1/21/13 23:15
498 / 1 . ,11.97488,88.02769,100.0026,12543,26273,12,,,FND_10_profile (Line)  Pt 114,,27.76122,498,1/21/13 23:16
499 / 1 . ,12.6386,87.18807,99.82667,12543,26288,12,,,FND_10_profile (Line)  Pt 115,,27.6987,499,1/21/13 23:17
500 / 1 . ,13.46396,86.2421,99.70606,12543,26303,12,,,FND_10_profile (Line)  Pt 116,,27.64842,500,1/21/13 23:18
501 / 1 . ,14.31375,85.4654,99.77915,12543,26318,12,,,FND_10_profile (Line)  Pt 117,,27.65189,501,1/21/13 23:20
502 / 1 . ,15.07726,84.67139,99.74865,12543,26333,12,,,FND_10_profile (Line)  Pt 118,,27.62808,502,1/21/13 23:21
503 / 1 . ,15.75651,84.0452,99.8017,12543,26348,12,,,FND_10_profile (Line)  Pt 119,,27.62935,503,1/21/13 23:22
504 / 1 . ,16.66487,83.73074,100.3956,12543,26363,12,,,FND_10_profile (Line)  Pt 120,,27.77747,504,1/21/13 23:23
505 / 1 . ,17.57127,82.26154,99.8328,12543,26378,13,,,FND_10_profile (Line)  Pt 121,,27.60176,505,1/21/13 23:25
506 / 1 . ,18.34072,81.5783,99.91903,12543,26393,13,,,FND_10_profile (Line)  Pt 122,,27.61051,506,1/21/13 23:26
507 / 1 . ,19.13257,80.80765,99.94022,12543,26408,13,,,FND_10_profile (Line)  Pt 123,,27.60061,507,1/21/13 23:27
508 / 1 . ,20.19149,79.87792,100.0694,12543,26423,13,,,FND_10_profile (Line)  Pt 124,,27.61561,508,1/21/13 23:28
509 / 1 . ,20.98706,78.72401,99.71107,12543,26438,13,,,FND_10_profile (Line)  Pt 125,,27.49936,509,1/21/13 23:30
510 / 1 . ,22.16268,78.01178,100.1745,12543,26453,13,,,FND_10_profile (Line)  Pt 126,,27.60559,510,1/21/13 23:31
511 / 1 . ,23.08908,77.18115,100.2702,12543,26468,13,,,FND_10_profile (Line)  Pt 127,,27.61388,511,1/21/13 23:32
512 / 1 . ,23.8437,76.44932,100.293,12543,26483,13,,,FND_10_profile (Line)  Pt 128,,27.60517,512,1/21/13 23:33
513 / 1 . ,24.8477,75.237,100.0847,12543,26498,13,,,FND_10_profile (Line)  Pt 129,,27.52676,513,1/21/13 23:35
514 / 1 . ,26.04752,74.1572,100.2047,12543,26513,13,,,FND_10_profile (Line)  Pt 130,,27.53637,514,1/21/13 23:36
515 / 1 . ,27.04794,73.31485,100.3628,12543,26528,13,,,FND_10_profile (Line)  Pt 131,,27.56062,515,1/21/13 23:37
516 / 1 . ,28.143,72.07227,100.2153,12543,26543,14,,,FND_10_profile (Line)  Pt 132,,27.49742,516,1/21/13 23:38
517 / 1 . ,29.41278,71.14941,100.5622,12543,26558,14,,,FND_10_profile (Line)  Pt 133,,27.56916,517,1/21/13 23:40
518 / 1 . ,30.39125,70.03178,100.423,12543,26573,14,,,FND_10_profile (Line)  Pt 134,,27.51062,518,1/21/13 23:41
519 / 1 . ,31.45943,68.89657,100.356,12543,26588,14,,,FND_10_profile (Line)  Pt 135,,27.47049,519,1/21/13 23:42
520 / 1 . ,32.6935,67.52988,100.2234,12543,26603,14,,,FND_10_profile (Line)  Pt 136,,27.40868,520,1/21/13 23:43
521 / 1 . ,33.89496,66.3821,100.2771,12543,26618,14,,,FND_10_profile (Line)  Pt 137,,27.39968,521,1/21/13 23:45
522 / 1 . ,35.33915,64.97019,100.3093,12543,26633,14,,,FND_10_profile (Line)  Pt 138,,27.37983,522,1/21/13 23:46
523 / 1 . ,36.57982,63.85452,100.4343,12543,26648,14,,,FND_10_profile (Line)  Pt 139,,27.39002,523,1/21/13 23:47
524 / 1 . ,37.8384,62.42774,100.2661,12543,26663,14,,,FND_10_profile (Line)  Pt 140,,27.31775,524,1/21/13 23:48
525 / 1 . ,39.22786,61.17442,100.4023,12543,26678,14,,,FND_10_profile (Line)  Pt 141,,27.32808,525,1/21/13 23:50
526 / 1 . ,41.03331,59.72378,100.7571,12543,26693,14,,,FND_10_profile (Line)  Pt 142,,27.39132,526,1/21/13 23:51
527 / 1 . ,42.52239,58.20287,100.7253,12543,26708,14,,,FND_10_profile (Line)  Pt 143,,27.35262,527,1/21/13 23:52
528 / 1 . ,44.03553,56.5023,100.5378,12543,26723,15,,,FND_10_profile (Line)  Pt 144,,27.26988,528,1/21/13 23:53
529 / 1 . ,45.90383,54.39511,100.2989,12543,26738,15,,,FND_10_profile (Line)  Pt 145,,27.16563,529,1/21/13 23:55
530 / 1 . ,47.9933,52.77366,100.767,12543,26753,15,,,FND_10_profile (Line)  Pt 146,,27.25488,530,1/21/13 23:56
531 / 1 . ,49.78167,51.07069,100.8524,12543,26768,15,,,FND_10_profile (Line)  Pt 147,,27.24303,531,1/21/13 23:57
532 / 1 . ,52.08605,48.91131,100.9974,12543,26783,15,,,FND_10_profile (Line)  Pt 148,,27.23754,532,1/21/13 23:59
533 / 1 . ,54.3698,46.5645,100.9343,12543,26798,15,,,FND_10_profile (Line)  Pt 149,,27.17421,533,1/22/13 0:00
534 / 1 . ,57.00553,44.04835,101.0539,12543,26813,15,,,FND_10_profile (Line)  Pt 150,,27.15498,534,1/22/13 0:01
535 / 1 . ,59.19327,41.69141,100.8847,12543,26828,15,,,FND_10_profile (Line)  Pt 151,,27.06385,535,1/22/13 0:02
536 / 1 . ,62.3335,39.08984,101.4233,12543,26843,15,,,FND_10_profile (Line)  Pt 152,,27.15187,536,1/22/13 0:04
537 / 1 . ,65.39043,35.48096,100.8714,12543,26858,15,,,FND_10_profile (Line)  Pt 153,,26.93618,537,1/22/13 0:05
538 / 1 . ,69.03554,32.21539,101.2509,12543,26873,15,,,FND_10_profile (Line)  Pt 154,,26.96955,538,1/22/13 0:06
539 / 1 . ,72.31657,28.6639,100.9805,12543,26888,16,,,FND_10_profile (Line)  Pt 155,,26.8282,539,1/22/13 0:07
540 / 1 . ,76.6164,24.88505,101.5014,12543,26903,16,,,FND_10_profile (Line)  Pt 156,,26.88808,540,1/22/13 0:09
541 / 1 . ,80.74995,20.6364,101.3864,12543,26918,16,,,FND_10_profile (Line)  Pt 157,,26.77318,541,1/22/13 0:10
542 / 1 . ,85.10505,16.13369,101.2387,12543,26933,16,,,FND_10_profile (Line)  Pt 158,,26.64475,542,1/22/13 0:11
543 / 1 . ,88.87701,12.42514,101.3022,12543,26948,16,,,FND_10_profile (Line)  Pt 159,,26.58706,543,1/22/13 0:12
544 / 1 . ,94.01053,8.74816,102.7587,12543,26963,16,,,FND_10_profile (Line)  Pt 160,,26.89222,544,1/22/13 0:13
545 / 1 . ,97.52858,5.574152,103.1027,12543,26978,16,,,FND_10_profile (Line)  Pt 161,,26.91819,545,1/22/13 0:15
546 / 1 . ,99.72297,3.336062,103.059,12543,26993,16,,,FND_10_profile (Line)  Pt 162,,26.86207,546,1/22/13 0:16
547 / 1 . ,100.9516,1.926697,102.8783,12543,27008,16,,,FND_10_profile (Line)  Pt 163,,26.78688,547,1/22/13 0:17
548 / 1 . ,101.7887,1.097232,102.886,12543,27023,16,,,FND_10_profile (Line)  Pt 164,,26.7723,548,1/22/13 0:18
549 / 1 . ,102.6411,0.518876,103.16,12543,27038,16,,,FND_10_profile (Line)  Pt 165,,26.83198,549,1/22/13 0:20
550 / 1 . ,102.3843,0.271713,102.656,12543,27053,17,,,FND_10_profile (Line)  Pt 166,,26.69601,550,1/22/13 0:21
551 / 1 . ,102.5772,0.16554,102.7427,12543,27068,17,,,FND_10_profile (Line)  Pt 167,,26.71642,551,1/22/13 0:22
552 / 1 . ,102.8681,0.052561,102.9206,12543,27083,17,,,FND_10_profile (Line)  Pt 168,,26.76041,552,1/22/13 0:23
553 / 1 . ,102.329,0.026829,102.3559,12543,27098,17,,,FND_10_profile (Line)  Pt 169,,26.61307,553,1/22/13 0:25
554 / 1 . ,102.4146,0.025569,102.4401,12543,27113,17,,,FND_10_profile (Line)  Pt 170,,26.63494,554,1/22/13 0:26
555 / 1 . ,102.3007,-0.022698,102.278,12543,27128,17,,,FND_10_profile (Line)  Pt 171,,26.59183,555,1/22/13 0:27
556 / 1 . ,102.4175,0.00069,102.4182,12543,27143,17,,,FND_10_profile (Line)  Pt 172,,26.62873,556,1/22/13 0:28
557 / 1 . ,103.0815,-0.027488,103.054,12543,27158,17,,,FND_10_profile (Line)  Pt 173,,26.7935,557,1/22/13 0:30
558 / 1 . ,102.9144,-0.016536,102.8979,12543,27173,17,,,FND_10_profile (Line)  Pt 174,,26.75312,558,1/22/13 0:31
559 / 1 . ,103.2599,-0.013792,103.2461,12543,27188,17,,,FND_10_profile (Line)  Pt 175,,26.84371,559,1/22/13 0:32
560 / 1 . ,103.6151,-0.018952,103.5961,12543,27203,17,,,FND_10_profile (Line)  Pt 176,,26.93461,560,1/22/13 0:33
561 / 1 . ,102.7946,-0.024163,102.7704,12543,27218,17,,,FND_10_profile (Line)  Pt 177,,26.71983,561,1/22/13 0:35
562 / 1 . ,103.0341,0.006568,103.0407,12543,27233,18,,,FND_10_profile (Line)  Pt 178,,26.7907,562,1/22/13 0:36
563 / 1 . ,102.7711,0.024373,102.7955,12543,27248,18,,,FND_10_profile (Line)  Pt 179,,26.7273,563,1/22/13 0:37
564 / 1 . ,103.0352,-0.012435,103.0228,12543,27263,18,,,FND_10_profile (Line)  Pt 180,,26.78567,564,1/22/13 0:39
565 / 1 . ,102.4213,-0.004477,102.4168,12543,27278,18,,,FND_10_profile (Line)  Pt 181,,26.62828,565,1/22/13 0:40
566 / 1 . ,102.1914,0.01694,102.2083,12543,27293,18,,,FND_10_profile (Line)  Pt 182,,26.57451,566,1/22/13 0:41
567 / 1 . ,102.3494,-0.038857,102.3105,12543,27308,18,,,FND_10_profile (Line)  Pt 183,,26.59996,567,1/22/13 0:42
568 / 1 . ,101.8539,0.00414,101.858,12543,27323,18,,,FND_10_profile (Line)  Pt 184,,26.48316,568,1/22/13 0:44
569 / 1 . ,101.9286,-0.030606,101.898,12543,27338,18,,,FND_10_profile (Line)  Pt 185,,26.49286,569,1/22/13 0:45
570 / 1 . ,101.7093,0.012014,101.7213,12543,27353,18,,,FND_10_profile (Line)  Pt 186,,26.44778,570,1/22/13 0:46
571 / 1 . ,102.2527,0.023751,102.2765,12543,27368,18,,,FND_10_profile (Line)  Pt 187,,26.59236,571,1/22/13 0:47
572 / 1 . ,102.2636,-0.02068,102.2429,12543,27383,18,,,FND_10_profile (Line)  Pt 188,,26.58274,572,1/22/13 0:49
573 / 1 . ,101.9925,0.0086,102.0011,12543,27398,19,,,FND_10_profile (Line)  Pt 189,,26.52047,573,1/22/13 0:50
574 / 1 . ,102.2348,-0.026557,102.2083,12543,27413,19,,,FND_10_profile (Line)  Pt 190,,26.57362,574,1/22/13 0:51
575 / 1 . ,102.2755,-0.003099,102.2724,12543,27428,19,,,FND_10_profile (Line)  Pt 191,,26.59076,575,1/22/13 0:52
576 / 1 . ,102.4874,-0.000344,102.487,12543,27443,19,,,FND_10_profile (Line)  Pt 192,,26.64662,576,1/22/13 0:54
577 / 1 . ,102.2235,0.006884,102.2303,12543,27458,19,,,FND_10_profile (Line)  Pt 193,,26.58003,577,1/22/13 0:55
578 / 1 . ,101.95,0.031662,101.9816,12543,27473,19,,,FND_10_profile (Line)  Pt 194,,26.51586,578,1/22/13 0:56
579 / 1 . ,102.4577,0.004127,102.4618,12543,27488,19,,,FND_10_profile (Line)  Pt 195,,26.64015,579,1/22/13 0:57
580 / 1 . ,101.9492,0.000345,101.9495,12543,27503,19,,,FND_10_profile (Line)  Pt 196,,26.50688,580,1/22/13 0:59
581 / 1 . ,102.3764,-0.005186,102.3713,12543,27518,19,,,FND_10_profile (Line)  Pt 197,,26.61642,581,1/22/13 1:00
582 / 1 . ,102.1954,-0.008622,102.1868,12543,27533,19,,,FND_10_profile (Line)  Pt 198,,26.56838,582,1/22/13 1:01
583 / 1 . ,102.3521,-0.012782,102.3394,12543,27548,19,,,FND_10_profile (Line)  Pt 199,,26.60798,583,1/22/13 1:02
584 / 1 . ,102.3348,-0.044787,102.29,12543,27563,19,,,FND_10_profile (Line)  Pt 200,,26.59451,584,1/22/13 1:04
585 / 1 . ,102.1954,0.011347,102.2067,12543,27578,20,,,FND_10_profile (Line)  Pt 201,,26.57397,585,1/22/13 1:05
586 / 1 . ,102.0637,-0.001035,102.0627,12543,27593,20,,,FND_10_profile (Line)  Pt 202,,26.53628,586,1/22/13 1:06
587 / 1 . ,102.7077,-0.029185,102.6786,12543,27608,20,,,FND_10_profile (Line)  Pt 203,,26.69584,587,1/22/13 1:07
588 / 1 . ,101.6962,0.013125,101.7093,12543,27623,20,,,FND_10_profile (Line)  Pt 204,,26.44469,588,1/22/13 1:09
589 / 1 . ,102.4815,0.000344,102.4818,12543,27638,20,,,FND_10_profile (Line)  Pt 205,,26.64528,589,1/22/13 1:10
590 / 1 . ,102.4066,-0.015523,102.3911,12543,27653,20,,,FND_10_profile (Line)  Pt 206,,26.62137,590,1/22/13 1:11
591 / 1 . ,102.3249,0.01723,102.3421,12543,27668,20,,,FND_10_profile (Line)  Pt 207,,26.6093,591,1/22/13 1:12
592 / 1 . ,101.9848,0.00172,101.9866,12543,27683,20,,,FND_10_profile (Line)  Pt 208,,26.51654,592,1/22/13 1:14
593 / 1 . ,101.6895,0.012394,101.7019,12543,27698,20,,,FND_10_profile (Line)  Pt 209,,26.44274,593,1/22/13 1:15
594 / 1 . ,102.3607,-0.025866,102.3348,12543,27713,20,,,FND_10_profile (Line)  Pt 210,,26.60653,594,1/22/13 1:16
595 / 1 . ,102.3746,-0.061506,102.3131,12543,27728,20,,,FND_10_profile (Line)  Pt 211,,26.60019,595,1/22/13 1:17
596 / 1 . ,101.6375,0.000344,101.6379,12543,27743,21,,,FND_10_profile (Line)  Pt 212,,26.42586,596,1/22/13 1:19
597 / 1 . ,100.8063,0.032021,100.8383,12543,27758,21,,,FND_10_profile (Line)  Pt 213,,26.21861,597,1/22/13 1:20
598 / 1 . ,102.2305,-0.006553,102.224,12543,27773,21,,,FND_10_profile (Line)  Pt 214,,26.57811,598,1/22/13 1:21
599 / 1 . ,101.3358,-0.009668,101.3262,12543,27788,21,,,FND_10_profile (Line)  Pt 215,,26.34461,599,1/22/13 1:22
600 / 1 . ,102.1615,-0.016164,102.1453,12543,27803,21,,,FND_10_profile (Line)  Pt 216,,26.55747,600,1/22/13 1:24
601 / 1 . ,102.3431,-0.002404,102.3407,12543,27818,21,,,FND_10_profile (Line)  Pt 217,,26.60853,601,1/22/13 1:25
602 / 1 . ,102.3125,-0.017881,102.2946,12543,27833,21,,,FND_10_profile (Line)  Pt 218,,26.59624,602,1/22/13 1:26
603 / 1 . ,101.463,-0.021968,101.441,12543,27848,21,,,FND_10_profile (Line)  Pt 219,,26.37423,603,1/22/13 1:27
604 / 1 . ,102.0496,0.001381,102.051,12543,27863,21,,,FND_10_profile (Line)  Pt 220,,26.53329,604,1/22/13 1:29
605 / 1 . ,102.311,0.031029,102.342,12543,27878,21,,,FND_10_profile (Line)  Pt 221,,26.60954,605,1/22/13 1:30
606 / 1 . ,101.8207,0.011358,101.832,12543,27893,21,,,FND_10_profile (Line)  Pt 222,,26.47655,606,1/22/13 1:31
607 / 1 . ,102.1643,0.021417,102.1857,12543,27908,22,,,FND_10_profile (Line)  Pt 223,,26.56871,607,1/22/13 1:32
608 / 1 . ,101.8885,-0.01754,101.871,12543,27923,22,,,FND_10_profile (Line)  Pt 224,,26.48611,608,1/22/13 1:34
609 / 1 . ,102.0916,0.006897,102.0984,12543,27938,22,,,FND_10_profile (Line)  Pt 225,,26.54573,609,1/22/13 1:35
610 / 1 . ,101.8095,-0.01933,101.7902,12543,27953,22,,,FND_10_profile (Line)  Pt 226,,26.46505,610,1/22/13 1:36
611 / 1 . ,101.9436,0.003448,101.947,12543,27968,22,,,FND_10_profile (Line)  Pt 227,,26.50629,611,1/22/13 1:37
612 / 1 . ,101.9647,-0.007227,101.9574,12543,27983,22,,,FND_10_profile (Line)  Pt 228,,26.50879,612,1/22/13 1:39
613 / 1 . ,101.66,-0.034516,101.6255,12543,27998,22,,,FND_10_profile (Line)  Pt 229,,26.42193,613,1/22/13 1:40
614 / 1 . ,102.3547,0.002761,102.3574,12543,28013,22,,,FND_10_profile (Line)  Pt 230,,26.61298,614,1/22/13 1:41
615 / 1 . ,101.8586,-0.005163,101.8534,12543,28028,22,,,FND_10_profile (Line)  Pt 231,,26.48178,615,1/22/13 1:42
616 / 1 . ,101.6398,-0.003449,101.6363,12543,28043,22,,,FND_10_profile (Line)  Pt 232,,26.42537,616,1/22/13 1:44
617 / 1 . ,102.0636,-0.002412,102.0612,12543,28058,22,,,FND_10_profile (Line)  Pt 233,,26.53586,617,1/22/13 1:45
618 / 1 . ,102.0558,0.012758,102.0685,12543,28073,22,,,FND_10_profile (Line)  Pt 234,,26.53808,618,1/22/13 1:46
619 / 1 . ,101.8482,-0.033475,101.8147,12543,28088,23,,,FND_10_profile (Line)  Pt 235,,26.47116,619,1/22/13 1:47
620 / 1 . ,101.8546,-0.033073,101.8215,12543,28103,23,,,FND_10_profile (Line)  Pt 236,,26.47293,620,1/22/13 1:49
621 / 1 . ,102.1402,-0.011328,102.1289,12543,28118,23,,,FND_10_profile (Line)  Pt 237,,26.55328,621,1/22/13 1:50
622 / 1 . ,102.6107,-0.005527,102.6052,12543,28133,23,,,FND_10_profile (Line)  Pt 238,,26.67724,622,1/22/13 1:51
623 / 1 . ,102.4852,-0.035552,102.4497,12543,28148,23,,,FND_10_profile (Line)  Pt 239,,26.63621,623,1/22/13 1:53
624 / 1 . ,101.8449,-0.01342,101.8315,12543,28163,23,,,FND_10_profile (Line)  Pt 240,,26.47591,624,1/22/13 1:54
625 / 1 . ,101.3627,-0.037892,101.3248,12543,28178,23,,,FND_10_profile (Line)  Pt 241,,26.34368,625,1/22/13 1:55
626 / 1 . ,101.2865,0.00968,101.2962,12543,28193,23,,,FND_10_profile (Line)  Pt 242,,26.3372,626,1/22/13 1:56
627 / 1 . ,101.3671,-0.01341,101.3537,12543,28208,23,,,FND_10_profile (Line)  Pt 243,,26.35169,627,1/22/13 1:58
628 / 1 . ,101.5193,0.025583,101.5449,12543,28223,23,,,FND_10_profile (Line)  Pt 244,,26.40219,628,1/22/13 1:59
629 / 1 . ,101.8187,-0.03313,101.7855,12543,28238,23,,,FND_10_profile (Line)  Pt 245,,26.46357,629,1/22/13 2:00
630 / 1 . ,101.6187,0.006567,101.6253,12543,28253,24,,,FND_10_profile (Line)  Pt 246,,26.42271,630,1/22/13 2:01
631 / 1 . ,101.7738,0.023427,101.7972,12543,28268,24,,,FND_10_profile (Line)  Pt 247,,26.46774,631,1/22/13 2:03
632 / 1 . ,102.0421,0.00138,102.0435,12543,28283,24,,,FND_10_profile (Line)  Pt 248,,26.53134,632,1/22/13 2:04
633 / 1 . ,102.2995,-0.008943,102.2905,12543,28298,24,,,FND_10_profile (Line)  Pt 249,,26.59536,633,1/22/13 2:05
634 / 1 . ,102.2481,-0.048712,102.1994,12543,28313,24,,,FND_10_profile (Line)  Pt 250,,26.57088,634,1/22/13 2:06
635 / 1 . ,102.8496,0.000343,102.8499,12543,28328,24,,,FND_10_profile (Line)  Pt 251,,26.74098,635,1/22/13 2:08
636 / 1 . ,102.6622,-0.01,102.6522,12543,28343,24,,,FND_10_profile (Line)  Pt 252,,26.68937,636,1/22/13 2:09
637 / 1 . ,102.4833,0.027316,102.5106,12543,28358,24,,,FND_10_profile (Line)  Pt 253,,26.65331,637,1/22/13 2:10
638 / 1 . ,102.3991,-0.023759,102.3754,12543,28373,24,,,FND_10_profile (Line)  Pt 254,,26.61712,638,1/22/13 2:11
639 / 1 . ,101.9007,0.005526,101.9062,12543,28388,24,,,FND_10_profile (Line)  Pt 255,,26.49572,639,1/22/13 2:13
640 / 1 . ,102.4506,-0.020981,102.4297,12543,28403,24,,,FND_10_profile (Line)  Pt 256,,26.63129,640,1/22/13 2:14
641 / 1 . ,102.2289,-0.024547,102.2044,12543,28418,25,,,FND_10_profile (Line)  Pt 257,,26.57264,641,1/22/13 2:15
642 / 1 . ,101.8299,0.005168,101.835,12543,28433,25,,,FND_10_profile (Line)  Pt 258,,26.47721,642,1/22/13 2:17
643 / 1 . ,101.3248,0.010344,101.3351,12543,28448,25,,,FND_10_profile (Line)  Pt 259,,26.34734,643,1/22/13 2:18
644 / 1 . ,101.5687,-0.044514,101.5242,12543,28463,25,,,FND_10_profile (Line)  Pt 260,,26.39541,644,1/22/13 2:19
645 / 1 . ,101.8202,-0.025868,101.7943,12543,28478,25,,,FND_10_profile (Line)  Pt 261,,26.466,645,1/22/13 2:20
646 / 1 . ,101.68,0.00345,101.6834,12543,28493,25,,,FND_10_profile (Line)  Pt 262,,26.43776,646,1/22/13 2:22
647 / 1 . ,101.9986,-0.000345,101.9983,12543,28508,25,,,FND_10_profile (Line)  Pt 263,,26.51955,647,1/22/13 2:23
648 / 1 . ,101.5493,-0.030577,101.5188,12543,28523,25,,,FND_10_profile (Line)  Pt 264,,26.39427,648,1/22/13 2:24
649 / 1 . ,101.3389,-0.029711,101.3091,12543,28538,25,,,FND_10_profile (Line)  Pt 265,,26.33978,649,1/22/13 2:25
650 / 1 . ,101.5455,-0.018655,101.5268,12543,28553,25,,,FND_10_profile (Line)  Pt 266,,26.3966,650,1/22/13 2:27
651 / 1 . ,102.2795,-0.027927,102.2515,12543,28568,25,,,FND_10_profile (Line)  Pt 267,,26.58484,651,1/22/13 2:28
652 / 1 . ,101.947,-0.000346,101.9466,12543,28583,25,,,FND_10_profile (Line)  Pt 268,,26.50612,652,1/22/13 2:29
653 / 1 . ,101.9488,0.00482,101.9536,12543,28598,26,,,FND_10_profile (Line)  Pt 269,,26.50803,653,1/22/13 2:30
654 / 1 . ,101.3327,-0.026969,101.3058,12543,28613,26,,,FND_10_profile (Line)  Pt 270,,26.33896,654,1/22/13 2:32
655 / 1 . ,101.3211,0.006558,101.3276,12543,28628,26,,,FND_10_profile (Line)  Pt 271,,26.34532,655,1/22/13 2:33
656 / 1 . ,101.3878,0.004146,101.392,12543,28643,26,,,FND_10_profile (Line)  Pt 272,,26.362,656,1/22/13 2:34
657 / 1 . ,101.5042,-0.013744,101.4904,12543,28658,26,,,FND_10_profile (Line)  Pt 273,,26.38723,657,1/22/13 2:35
